ISBN,UC
9781797211817,47.86
9781452190174,31.80
9780811861304,29.00
9781452189949,26.87
9781616898953,22.82
9781452182063,22.52
9781616898892,19.65
9781452189529,19.60
9781452188751,18.15
810073340176,18.00
9781452161037,17.39
810073340206,17.38
810073342309,16.92
810073340152,16.72
810073340008,16.71
810073340114,16.55
810073342293,16.19
810073342286,15.97
810073341517,15.12
810073340145,15.07
9781452118710,15.00
810073342057,14.89
810073342064,14.39
810073340121,14.38
810073340428,14.22
810073340015,14.16
9781452159256,14.08
810073340022,14.04
810073340411,13.98
810073340244,13.85
810073342743,13.66
810073340404,13.38
9781797232089,13.20
9781452171579,13.15
9780811861533,12.92
810073340039,12.60
9781452138053,12.55
9781452149554,12.20
810073342101,11.91
9781452110691,11.79
810073342187,11.55
9781616897024,11.45
9781616899196,11.45
810073340107,11.12
810073340251,11.06
9781452166582,10.94
810073340138,10.84
9781452126418,10.73
9781452173818,10.65
9781797217208,10.60
810073343115,10.49
9781452188102,10.42
810073342415,10.18
9781616898991,10.14
9781452119700,9.89
810073342095,9.87
810073340169,9.77
9781452164823,9.77
9781616894863,9.53
9781616897581,9.49
810073340053,9.19
810073340220,9.06
9780811874199,9.00
9781452173849,8.98
9781797213835,8.95
810073342163,8.94
810073341524,8.91
9780811876209,8.83
9781648960239,8.74
810073342996,8.62
9781797217543,8.60
9781616898069,8.52
810073342484,8.49
810073342156,8.48
736313544077,8.46
810073343092,8.27
9781452140483,8.25
9781797227658,8.20
810073342132,8.10
9781452181158,8.10
9781797203232,8.10
5055923777763,8.09
9781452169927,8.06
9781616890407,8.06
9781452111308,8.01
9781452158273,8.00
810073340084,7.94
9781616896584,7.92
9781797215143,7.80
9780811850360,7.72
810073340046,7.67
9781452112459,7.62
9781797227740,7.60
810073340077,7.55
810073340299,7.51
9781616891770,7.49
810073340275,7.42
9781797218823,7.38
9781452101620,7.34
9781452149981,7.33
9781797225760,7.33
810073342149,7.32
810073340978,7.26
5055923779071,7.23
9781797203003,7.21
810073340305,7.19
810073340282,7.00
9780811871136,7.00
9781452136219,6.98
9781797221601,6.97
9781797217024,6.96
9780811856003,6.88
9781452168401,6.86
736313543438,6.85
5055923728369,6.82
9781616893453,6.73
9781648960192,6.73
9781452113913,6.72
9780811868112,6.64
9781797230184,6.64
9780811856928,6.59
9781797207308,6.59
9781797215198,6.56
9781616898236,6.53
5055923777756,6.49
9781797201184,6.46
9781797221762,6.46
9780811856416,6.44
9781616896515,6.36
9780811874335,6.35
9780811879637,6.32
9781452184579,6.32
9781452158495,6.28
9781452175171,6.27
9780811860468,6.25
9781452147321,6.24
810073340923,6.22
9780811835749,6.22
9781452138695,6.20
9781452148977,6.19
9781452127163,6.17
9781452180373,6.17
9781452184821,6.10
810073340947,6.09
9781616898939,6.07
9781797220017,6.06
9781797214474,6.05
9781452152004,6.00
9781616899721,6.00
9781797214245,6.00
810073342538,5.98
9781452182780,5.94
9781797217550,5.92
9781797227689,5.92
9781452118284,5.90
9781452162867,5.90
9781797203850,5.90
9780811846462,5.89
9781648961267,5.88
810073342118,5.87
736313543445,5.86
9781452144382,5.82
9781616898274,5.79
9781616896331,5.78
9781452177083,5.75
9781797208916,5.73
9781616897826,5.72
736313545197,5.66
9780811836364,5.62
9781797224442,5.61
736313543865,5.60
9781452139173,5.60
5055923753408,5.54
9781452113432,5.53
9781452139180,5.46
9781616899776,5.46
736313544978,5.45
736313543698,5.42
736313543940,5.42
810073341098,5.40
9781616894122,5.40
9781616895327,5.40
9781452172729,5.39
9780811828567,5.38
9781452163628,5.35
9781452165929,5.32
9781452178653,5.32
9781452182827,5.27
9780811877411,5.26
9781452151939,5.25
9781616892821,5.25
9781452172996,5.23
9781797216850,5.20
9781797205090,5.19
810073341876,5.17
810073340770,5.15
9781452134055,5.09
9781616898649,5.09
9781797224008,5.09
9781452165936,5.08
810073340268,5.07
9780811874663,5.07
9780811864534,5.05
9780811869386,5.05
9781452172576,5.04
9781797232317,5.04
9781452169910,5.00
9781452184654,5.00
9781616899684,5.00
9781797226415,5.00
9781616898724,4.99
9781797222462,4.96
5055923778937,4.94
9781797215280,4.93
9781452164847,4.92
9781452181813,4.92
5055923781777,4.91
9781452137360,4.91
9781797226842,4.91
9781797218434,4.87
9781797207827,4.85
810073341104,4.84
810073341159,4.83
5055923712559,4.82
9780811876001,4.82
9781616898410,4.81
736313545111,4.80
9781568984308,4.80
9781616897529,4.78
9781452101248,4.73
9781452158686,4.72
736313543728,4.69
9780811869522,4.69
736313543704,4.68
5055923778944,4.67
5055923775493,4.66
9781452164830,4.66
9781452179520,4.64
9781797209586,4.64
5055923781852,4.63
736313543858,4.61
9781452151779,4.61
9781452135076,4.60
9781452183251,4.59
9781452183268,4.59
9781452172736,4.58
9781452183244,4.58
9781452126463,4.57
9781797212579,4.57
810073340848,4.56
810073342637,4.55
5055923784297,4.54
9781452125862,4.53
810073340459,4.52
9780811862820,4.52
736313544534,4.51
5055923781845,4.51
9780811856553,4.51
9781452102276,4.51
9781797231600,4.51
9780811849005,4.50
9781568989839,4.50
9781452142760,4.49
736313545166,4.48
9781452176697,4.48
9781568984650,4.48
9781797217031,4.48
736313545029,4.45
810073341135,4.45
9781452172583,4.45
9781797224732,4.45
9781452114088,4.43
736313544541,4.42
5055923779088,4.40
9781452182353,4.40
9781648960727,4.40
9780811848305,4.39
9781452134253,4.38
9781452167619,4.37
9781452145280,4.36
9780811844338,4.35
9781452105154,4.35
9781648961229,4.35
9781452135113,4.33
9781616896010,4.33
9780811866026,4.32
810073342620,4.31
9781452161198,4.31
810073340701,4.30
5055923790014,4.30
9781452170145,4.30
9781452127484,4.29
9781616898946,4.29
9781797200866,4.27
736313544640,4.26
9781452118154,4.26
9781452173900,4.26
9780811865098,4.25
9781797203843,4.25
9781797222646,4.25
9780811858564,4.24
9781452107615,4.24
9781452117201,4.24
9781452133218,4.24
9781797202976,4.24
810073342583,4.23
5055923778920,4.23
9781797211787,4.23
9781452148274,4.22
9781616898182,4.22
810073340763,4.20
9781452176956,4.20
9781616897123,4.20
9781616898762,4.20
9781568986876,4.19
9781616896805,4.19
810073342552,4.18
9781452145037,4.18
9781616898090,4.18
9781452170091,4.17
9781452101118,4.16
9781452110103,4.16
9781452159119,4.16
9780811840484,4.15
9781452114422,4.15
9781452181929,4.15
9781616898717,4.14
9781452136332,4.12
9781452182605,4.12
9781616895280,4.12
9780811871006,4.11
9781452140537,4.10
9781452182698,4.10
9781616896348,4.10
9781452110554,4.09
9781452102924,4.08
810073341586,4.07
9781452164991,4.07
9781797208824,4.07
810073342989,4.05
810073342545,4.04
810073342606,4.04
5055923777770,4.04
9781452111018,4.04
5055923784419,4.02
9781452101293,4.02
9781452163857,4.02
9781452182056,4.02
9780811876438,4.01
9781648961670,4.01
810073342002,4.00
810073342576,4.00
9781452171043,4.00
9781452123523,3.99
9781452184920,3.99
9781797212609,3.99
810073341111,3.98
9781452154398,3.98
810073340060,3.97
810073341593,3.97
9781452111223,3.97
736313544763,3.96
9781452114309,3.96
9781452119403,3.96
9781452137438,3.96
5055923712689,3.95
9780811862356,3.95
9781452183602,3.95
9781452154886,3.94
810073340855,3.92
9781452164328,3.91
810073341210,3.90
9781452106311,3.89
9781797211909,3.89
736313544558,3.88
9781452102344,3.87
9781452118314,3.86
9781452134871,3.86
736313543780,3.85
9780811854290,3.85
9781452114460,3.85
9781452166674,3.85
9781452144771,3.84
9781452158341,3.84
9780811824460,3.83
736313544589,3.82
9781452182087,3.81
810073341272,3.80
9781452124841,3.80
9781452169323,3.80
9781648961571,3.80
9781797206110,3.80
9781452181646,3.79
9781616896928,3.78
736313543544,3.77
9781452161624,3.77
9781452169477,3.76
758524448623,3.75
9780811875998,3.75
9781452137179,3.75
9781797203799,3.75
9781797230016,3.74
9780811839754,3.73
9781452128092,3.73
9781452159768,3.72
9781452173856,3.72
9781452190358,3.71
9781797210346,3.71
9781452154688,3.70
9781452172668,3.70
9781452179858,3.70
9781797231976,3.70
5055923784280,3.69
9781452111636,3.69
9781452151274,3.69
9781452155067,3.69
9781797221465,3.69
810073340602,3.68
5055923712665,3.68
9781452175805,3.68
9781797220024,3.68
5055923778821,3.67
9780811855600,3.67
9781452118888,3.67
9781568986883,3.67
9781797210506,3.67
9781616895303,3.66
9781452101422,3.65
9781452127019,3.65
9781452181127,3.65
9781648961151,3.65
9781797207131,3.65
9781797220994,3.65
9781452118147,3.64
9781452182452,3.64
9781452105512,3.63
9781452123653,3.63
9781797202723,3.63
9781797210513,3.63
9781452170725,3.62
9780811806404,3.61
9781452108506,3.61
9781452166513,3.61
9781616899004,3.61
9780811833882,3.60
9781452182049,3.60
9781452183077,3.60
9781616893187,3.60
9781648961168,3.60
9780811844277,3.58
9781452176390,3.58
9781452155364,3.57
9781452159225,3.57
9781797224282,3.57
9781452131580,3.56
9781452178585,3.56
9781797222288,3.56
810073341081,3.55
9781452158709,3.55
9781452174136,3.55
9781452101637,3.54
9781452148649,3.54
9781452161792,3.54
9781616899646,3.54
9780811866095,3.53
9781452117263,3.53
9781452163840,3.53
9781616890360,3.53
5055923765746,3.51
9780811858342,3.51
810073341906,3.50
9781452140063,3.50
9781452144009,3.50
9781452158266,3.50
9781452161143,3.50
5055923778906,3.49
9781452102849,3.49
9781452178707,3.49
5055923779170,3.48
9780811875486,3.48
9781452158662,3.48
9781452172156,3.48
9781452172392,3.48
9781452172408,3.48
9781452172415,3.48
9780811876650,3.47
9781452117256,3.47
736313544022,3.46
810073342453,3.46
5055923781821,3.46
9781452182773,3.46
9780811868341,3.45
9781452106144,3.45
9781616898571,3.45
9781797205649,3.45
9781797200934,3.44
5055923781838,3.43
9781452127545,3.43
9781452127552,3.43
9781452153155,3.43
9781452159362,3.43
9781797215556,3.43
9781797228723,3.43
736313543711,3.42
9781452166308,3.42
9788425228933,3.42
5055923773086,3.41
736313543964,3.40
736313544596,3.40
810073341173,3.40
810073341371,3.40
810073341951,3.40
5055923778975,3.40
5055923781746,3.40
5055923785263,3.40
9781452122212,3.40
9781452163864,3.40
9781452164342,3.40
9781797207148,3.40
9781797216829,3.40
736313543421,3.39
9781452116723,3.39
9781452153834,3.39
9781452176512,3.39
9781616897161,3.39
5055923752043,3.38
5055923752050,3.38
5055923752074,3.38
9781452137384,3.38
9781452166711,3.38
9781452180878,3.38
5055923785232,3.37
9780811877046,3.37
9781452167237,3.37
9781452171647,3.37
9781797225296,3.37
9781797229256,3.37
736313543490,3.36
5055923785515,3.36
9780811876834,3.36
9781452105048,3.36
9781452114385,3.36
9781452141992,3.36
9781452172460,3.36
9781452172484,3.36
9781452172491,3.36
9781452179964,3.36
9781452179971,3.36
9781452179988,3.36
9781452179995,3.36
9781797201375,3.36
9781797219806,3.36
9781797229690,3.36
5055923726853,3.35
9780811850995,3.35
9781452158785,3.35
9781452172941,3.35
736313543483,3.34
810073341388,3.34
9781452163994,3.34
9780811863797,3.33
9781452156439,3.33
9781452161174,3.33
9781616898229,3.33
9781797223681,3.33
9781797232065,3.33
5055923726860,3.32
9781452138336,3.32
9781452179810,3.32
810073342491,3.31
5055923778913,3.31
9780811806473,3.31
9781452176789,3.31
9781797229133,3.31
736313545012,3.30
758524448951,3.30
810073342613,3.30
5055923781180,3.30
9781452145167,3.30
9781452145174,3.30
9781452151601,3.30
9781452175638,3.30
9781797229270,3.30
9780811841122,3.29
9780811869447,3.29
9781452168487,3.29
9781452170206,3.29
9781452177113,3.29
9781797202914,3.29
9781452162881,3.28
9781452163826,3.28
9781452170749,3.28
9781616899882,3.28
9781648961762,3.28
9781797213729,3.28
736313544565,3.27
5055923781173,3.27
9780811858700,3.27
9781452178905,3.27
9781452127996,3.26
9781452128283,3.26
9781452173313,3.26
9781452175850,3.26
9781452178639,3.26
9781452149516,3.25
9780811874502,3.24
9781452102832,3.24
9781452143095,3.24
9781452156422,3.24
9781616898137,3.24
9781616898144,3.24
736313544947,3.23
9781452149523,3.23
9781452165066,3.23
9781452169507,3.23
9781452171340,3.23
9781797228952,3.23
736313545005,3.22
9780811877855,3.22
9781452155685,3.22
9781452112039,3.21
9781452173740,3.21
810073342040,3.20
5055923789919,3.20
9780811874458,3.20
9780811879477,3.20
9781452163680,3.20
9781452164731,3.20
9781452169941,3.20
9781452178738,3.20
9781452181233,3.20
9781616897154,3.20
9781797211374,3.20
810073340565,3.19
9781452142982,3.19
9781452145839,3.19
9781797216904,3.19
9781797216911,3.19
736313543834,3.18
5055923765685,3.18
9781452172569,3.18
810073340688,3.17
9781452171661,3.17
9781452174099,3.17
736313544015,3.16
810073342705,3.16
9781452108230,3.16
9781452145198,3.16
9781452175553,3.16
9781452169361,3.15
9781452172743,3.15
9781568989976,3.15
9781648960932,3.15
9781797202952,3.15
736313543827,3.14
810073340596,3.14
9781452137353,3.14
9781648960680,3.14
810073341661,3.13
9780811875554,3.13
9781452166117,3.13
9781797215242,3.13
736313544930,3.12
9781797219783,3.12
736313543476,3.11
736313544787,3.11
5055923765692,3.11
9781452162997,3.11
736313544008,3.10
810073340466,3.10
5055923776124,3.10
9781452150215,3.10
9781452150222,3.10
9781616899240,3.10
9781452145181,3.09
9781452155869,3.09
9781452156378,3.09
9781797215129,3.09
810073342170,3.08
810073342842,3.08
9781452127064,3.08
9781648960086,3.08
9781797205915,3.08
9781797216317,3.08
810073340695,3.07
9781452117164,3.07
9781452140575,3.07
9781452169934,3.07
9781797205632,3.07
9781797225180,3.07
810073340633,3.06
9780811877541,3.06
9781648961601,3.06
810073342385,3.05
9781452159331,3.05
9781452164755,3.05
9781452178608,3.05
9781797228457,3.05
9780811858755,3.04
9781452180984,3.04
9781797219943,3.04
736313543971,3.03
810073340589,3.03
9781452100593,3.03
9781452176383,3.03
9781616897109,3.03
9781797203034,3.03
9781797232027,3.03
736313545142,3.02
2781616892975,3.02
9780811861281,3.02
9781452167213,3.02
9781452174822,3.02
9781452178288,3.02
810073342460,3.01
5060121271388,3.01
9781452145402,3.01
810073340626,3.00
810073341166,3.00
810073342019,3.00
9781452127088,3.00
9781452134352,3.00
9781452145297,3.00
9781452150239,3.00
9781452159287,3.00
9781452163062,3.00
9781452165943,3.00
9781452167206,3.00
9781452174440,3.00
9781452180687,3.00
9781797229140,3.00
9781797232584,3.00
9781452149783,2.99
9781452181196,2.99
810073341234,2.98
5055923785249,2.98
9781452144870,2.98
9781616899264,2.98
9781797222196,2.98
9781797230078,2.98
5055923785492,2.97
9780811820882,2.97
9781452101811,2.97
9781452173160,2.97
9781797207254,2.97
5055923766293,2.96
9780811847742,2.96
9781452139890,2.96
9781452167879,2.96
9781616895730,2.96
9781616898878,2.96
9781648960963,2.96
9781797222455,2.96
810073341609,2.95
9780811864954,2.95
9781452114293,2.95
9781452136493,2.95
9781452137445,2.95
9781797209531,2.95
9781797229126,2.95
9780811870238,2.94
9780811879545,2.94
9781452165967,2.94
9781452178271,2.94
9781797200859,2.94
9781797208015,2.94
9781797232225,2.94
9781797234694,2.94
9781452135182,2.93
9781452159201,2.93
9781452184593,2.93
9781616899097,2.93
9781797203065,2.93
9781797207742,2.93
9781452101699,2.92
9781452115368,2.92
9781452166278,2.92
5055923712641,2.91
9780811872195,2.91
9781452158501,2.91
9781452165158,2.91
9781452169576,2.91
9781616895372,2.91
9781797215884,2.91
9781797217192,2.91
9781797219455,2.91
736313543988,2.90
9780811876506,2.90
9781616896256,2.90
9781797202235,2.90
9781797209623,2.90
9781797216669,2.90
9781797218472,2.90
9781797218489,2.90
9781797224541,2.90
9781797230900,2.90
5055923783290,2.89
5055923785768,2.89
9781452179537,2.89
9781797200842,2.89
810073341036,2.88
9780811867672,2.88
9781452112879,2.88
9781616897420,2.88
9781797208343,2.88
5055923785218,2.87
9780811853491,2.87
9780811869119,2.87
9780811874984,2.87
9780811879699,2.87
9781452119625,2.87
9781452151298,2.87
9781797219882,2.87
5055923753422,2.86
9781452108889,2.86
9781452180885,2.86
9781616896379,2.86
9781797222622,2.86
9780811878630,2.85
9781452148960,2.85
9781616892180,2.85
9781616897918,2.85
9781616899073,2.85
9781648960352,2.85
9781797225852,2.85
9781452135489,2.84
9781452153520,2.84
9781452159461,2.84
9781452173337,2.84
9780811836722,2.83
9781452119502,2.83
9781452122236,2.83
9781452135120,2.83
9781452168524,2.83
9781616897925,2.83
9781797216980,2.83
9781797219776,2.83
9780811819916,2.82
9780811866750,2.82
9781452122243,2.82
9781452136233,2.82
9781452156583,2.82
9781452164564,2.82
9781452182650,2.82
9781797201863,2.82
810073342408,2.81
9781452170404,2.81
9781452174877,2.81
810073341845,2.80
5055923789933,2.80
5055923789940,2.80
9780811859417,2.80
9781452134482,2.80
9781452164922,2.80
9781452180922,2.80
9781452183329,2.80
5055923776230,2.79
9781452113289,2.79
9781452156590,2.79
9781452167640,2.79
9781452176628,2.79
9781616895310,2.79
9781616898595,2.79
9781797221274,2.79
810073340541,2.78
9780811870412,2.78
9781452114323,2.78
9781452163703,2.78
9781452171289,2.78
9781452180939,2.78
9781797214856,2.78
9781797225531,2.78
9781797226248,2.78
9781797232010,2.78
736313544985,2.77
810073341692,2.77
5055923779125,2.77
9781452105956,2.77
9781452122304,2.77
9781452168623,2.77
9781452183312,2.77
9781616899981,2.77
9781797220307,2.77
9781797227474,2.77
736313544992,2.76
9781452125909,2.76
9781616898557,2.76
810073342262,2.75
9780811850438,2.75
9780974848600,2.75
9781452101781,2.75
9781452102818,2.75
9781452108810,2.75
9781452113838,2.75
9781452122205,2.75
9781452156187,2.75
9781452182292,2.75
9781616890834,2.75
9781797220161,2.75
9780811855181,2.74
9781452170992,2.74
736313543995,2.73
5055923778968,2.73
9780811875097,2.73
9781452168760,2.73
9781452171678,2.73
9781452175812,2.73
9781616895839,2.73
9781648961717,2.73
9781797202631,2.73
9781797210162,2.73
736313544770,2.72
5055923751909,2.72
9781452166032,2.72
9780811851534,2.71
9781452112077,2.71
9781452128238,2.71
9781452136226,2.71
9781797214535,2.71
5055923785751,2.70
9780811828031,2.70
9780811859561,2.70
9781452108193,2.70
9781452121567,2.70
9781452159164,2.70
9781452178714,2.70
9781616891701,2.70
9781616896867,2.70
9781797229249,2.70
9781797229294,2.70
9780811877565,2.69
9781452166315,2.69
9781452102559,2.68
9781452104157,2.68
9781452165165,2.68
9781648961137,2.68
810073340374,2.67
9781452122182,2.67
9781452158655,2.67
9781452169033,2.67
9781452173924,2.67
9781648960208,2.67
9781648961205,2.67
9781797221441,2.67
736313545135,2.66
810073342514,2.66
9781452128450,2.66
9781797225548,2.66
810073341197,2.65
810073341425,2.65
810073341579,2.65
810073341852,2.65
810073341920,2.65
810073343016,2.65
9781452134628,2.65
9781452166100,2.65
9781452176611,2.65
9781452182070,2.65
9781452182681,2.65
9781616898434,2.65
9781648960253,2.65
9781797201351,2.65
9781797212913,2.65
736313545128,2.64
5055923781081,2.64
9780811868716,2.64
9780811872331,2.64
9781452160382,2.64
9781452173917,2.64
9781797220079,2.64
9781452156033,2.63
9781797210254,2.63
5055923779064,2.62
9781452162799,2.62
9781797206868,2.62
9781797214436,2.62
5055923780947,2.61
9780811857376,2.61
9781452167145,2.61
9781797213354,2.61
810073341142,2.60
5055923765739,2.60
9780811874700,2.60
9781452138794,2.60
9781452159102,2.60
9781452176932,2.60
9781452179544,2.60
9781616898311,2.60
9781616898786,2.60
9781648961731,2.60
9781797219820,2.60
9781797229300,2.60
9781797231990,2.60
9780811844475,2.59
9781452113845,2.59
9781452175614,2.59
9781452175621,2.59
9781616892708,2.59
9781797201771,2.59
9781797217659,2.59
5055923779163,2.58
9781452113265,2.58
9781452134048,2.58
9781452177939,2.58
9781616897055,2.58
9781797209432,2.58
810073340381,2.57
810073340534,2.57
5055923776216,2.57
9781452174402,2.57
9781452183367,2.57
9780811863964,2.56
9781452168876,2.56
9781452174754,2.56
9781797214924,2.56
758524448692,2.55
810073342354,2.55
810073343023,2.55
5055923767108,2.55
5055923781678,2.55
9781452134475,2.55
9781452155173,2.55
9781452178912,2.55
9781568987729,2.55
9781616896386,2.55
9781616897185,2.55
9781616898205,2.55
9781797201252,2.55
9781797231969,2.55
9781452152158,2.54
9781452169774,2.54
9781452172651,2.54
9781452173580,2.54
9781452181110,2.54
9781797215914,2.54
9781797216577,2.54
9781797219462,2.54
9781797219530,2.54
736313544626,2.53
810073342507,2.53
9781452117249,2.53
9781452129020,2.53
9781452138763,2.53
9781452168654,2.53
9781452169491,2.53
9781797206998,2.53
9781797218519,2.53
9781797219912,2.53
9781452172897,2.52
9781452173443,2.52
9781616899837,2.52
9781797205571,2.52
9781797205960,2.52
736313545043,2.51
758524448913,2.51
9781452154756,2.51
736313543759,2.50
810073341968,2.50
9781452176536,2.50
9781452184869,2.50
9781797207070,2.50
9781797207582,2.50
9781797207711,2.50
9781797212197,2.50
9781797216997,2.50
9781797217468,2.50
9781797217505,2.50
9781797234069,2.50
30955767857,2.49
736313543742,2.49
810073341821,2.49
9780811869065,2.49
9781452135151,2.49
9781452168661,2.49
9781452172507,2.49
9781452174044,2.49
9781452176871,2.49
9781452179803,2.49
9781616898328,2.49
736313544602,2.48
5055923779149,2.48
5055923779156,2.48
5055923781128,2.48
9781452122113,2.48
9781452176529,2.48
9781797200880,2.48
9781797214412,2.48
736313543766,2.47
810073342446,2.47
9781452111049,2.47
9781452155524,2.47
758524448685,2.46
5055923781111,2.46
9781452142456,2.46
9781452152363,2.46
9781452168364,2.46
9781648960772,2.46
9781797211282,2.46
9781797213613,2.46
9781797213828,2.46
810073341814,2.45
5055923751930,2.45
9780811834438,2.45
9780811865661,2.45
9781452109831,2.45
9781452113685,2.45
9781452117010,2.45
9781452147444,2.45
9781452154718,2.45
9781648960741,2.45
9781797213859,2.45
9781797222547,2.45
9781797228624,2.45
9781452104669,2.44
9781452137407,2.44
9781452154770,2.44
810073341326,2.43
9780811864169,2.43
9781452113937,2.43
9781452168463,2.43
9781452173467,2.43
9781797209463,2.43
9781797223315,2.43
5055923779057,2.42
9781452113883,2.42
9781452117324,2.42
9781452118918,2.42
9781452156057,2.42
9781452161686,2.42
9781452175874,2.42
9781452179643,2.42
9781452180731,2.42
9781797203720,2.42
810073341128,2.41
810073341791,2.41
5055923781098,2.41
9780811870764,2.41
9781452115818,2.41
9781452176864,2.41
9781452181776,2.41
9781452182599,2.41
9781797211244,2.41
736313545081,2.40
810073341913,2.40
5055923781869,2.40
5055923781876,2.40
9780811861731,2.40
9780811863179,2.40
9781452135397,2.40
9781452138688,2.40
9781452164229,2.40
9781452183275,2.40
9781593541217,2.40
9781616898519,2.40
9781616899424,2.40
9781797214900,2.40
9781797223650,2.40
810073340558,2.39
810073342668,2.39
9780811861434,2.39
9781452114224,2.39
9781452145457,2.39
9781452165479,2.39
9781452166131,2.39
9781452171241,2.39
9781452172453,2.39
9781452179414,2.39
9781452180816,2.39
9781593540418,2.39
9781616897987,2.39
9781797216164,2.39
5055923776087,2.38
9780811857437,2.38
9781452116990,2.38
9781452119557,2.38
9781452149790,2.38
9781452156002,2.38
9781616899950,2.38
9781797205243,2.38
9781797222479,2.38
736313543803,2.37
9780811862059,2.37
9781452102092,2.37
9781452182384,2.37
9781648960260,2.37
9781797202815,2.37
9781797209470,2.37
9781797212920,2.37
9781797219868,2.37
9781797231884,2.37
810073342521,2.36
9780811861724,2.36
9781616892630,2.36
9781797207049,2.36
9781797211893,2.36
9781797223643,2.36
9781797230061,2.36
810073342392,2.35
5055923785607,2.35
9780811867832,2.35
9781452133003,2.35
9781452153803,2.35
9781452155906,2.35
9781452159386,2.35
9781452167329,2.35
9781452168333,2.35
9781452174815,2.35
9781616898007,2.35
9781797206356,2.35
9781797209920,2.35
9781797227443,2.35
810073341807,2.34
9780811843515,2.34
9780811866422,2.34
9781452101378,2.34
9781452178035,2.34
9781452184265,2.34
9781616893439,2.34
9781616897765,2.34
9781797204680,2.34
9781797210704,2.34
9781797216249,2.34
9781797226262,2.34
5055923776148,2.33
5055923779101,2.33
5055923785638,2.33
9781452107745,2.33
9781452139937,2.33
9781452177298,2.33
9781452184852,2.33
9781797206493,2.33
9781797207063,2.33
9781797216836,2.33
810073340862,2.32
9780811877886,2.32
9781452105895,2.32
9781452109619,2.32
9781452144849,2.32
9781797229287,2.32
9781797229478,2.32
5055923776155,2.31
9781452107547,2.31
9781452111124,2.31
9781452113272,2.31
9781452114576,2.31
9781452122342,2.31
9781452152639,2.31
9781452174082,2.31
9781452181752,2.31
9781648961700,2.31
9781797205250,2.31
9781797206158,2.31
9781797208893,2.31
9781797220048,2.31
9781797224473,2.31
736313543308,2.30
9780811868594,2.30
9780811869911,2.30
9781452119632,2.30
9781452145334,2.30
9781452148991,2.30
9781452155951,2.30
9781452166292,2.30
9781616893996,2.30
9781648961403,2.30
9781797203461,2.30
9781797229324,2.30
810073341203,2.29
810073342644,2.29
810073342651,2.29
5055923765821,2.29
9780811870184,2.29
9781452161846,2.29
9781452165912,2.29
9781452173290,2.29
9781452178080,2.29
9781452181097,2.29
9781616896713,2.29
9781797225654,2.29
9781797228853,2.29
9781797231921,2.29
9781797231938,2.29
9781452110578,2.28
9781452127460,2.28
9781452164953,2.28
9781452168647,2.28
9781452172989,2.28
9781648961540,2.28
9781797201368,2.28
9781797207032,2.28
9781797214993,2.28
9781797217529,2.28
9781797221335,2.28
758524447954,2.27
810073340398,2.27
9780811864749,2.27
9781452142326,2.27
9781452149134,2.27
9781452165462,2.27
9781452177120,2.27
9781452182582,2.27
9781452184241,2.27
9781616898663,2.27
30955767871,2.26
736313544466,2.26
9781452112305,2.26
9781452167862,2.26
9781452176796,2.26
9781452181974,2.26
9781616895259,2.26
9781797204277,2.26
810073342729,2.25
810073342736,2.25
9780811862318,2.25
9781452102795,2.25
9781452112862,2.25
9781452139296,2.25
9781452152066,2.25
9781452162805,2.25
9781452168708,2.25
9781452171357,2.25
9781452177199,2.25
9781593540050,2.25
9781797206141,2.25
9781797207599,2.25
9781797213002,2.25
9781797216188,2.25
9781797216676,2.25
9781797222240,2.25
9781797225609,2.25
9781797229119,2.25
5055923780787,2.24
9780811846912,2.24
9781452117270,2.24
9781452155463,2.24
9781452174075,2.24
9781797218571,2.24
9781797221069,2.24
9781797228167,2.24
736313544756,2.23
9780811877848,2.23
9781452166445,2.23
9781797210551,2.23
9781797224497,2.23
810073342422,2.22
9781452111711,2.22
9781452119540,2.22
9781452155029,2.22
9781452168678,2.22
9781452172835,2.22
9781452177281,2.22
9781452180496,2.22
9781452181073,2.22
9781616895273,2.22
9781797224404,2.22
9781797231983,2.22
5055923780794,2.21
9780811853576,2.21
9780811874106,2.21
9781452140490,2.21
9781452144894,2.21
9781452178028,2.21
9781616897147,2.21
9781648960659,2.21
9781797207766,2.21
9781797210322,2.21
9781797211954,2.21
810073343061,2.20
9781452163871,2.20
9781452164458,2.20
9781452177786,2.20
9781616891886,2.20
9781797204284,2.20
9781797225050,2.20
9781797233161,2.20
810073340367,2.19
5055923779095,2.19
9780811876971,2.19
9781452113456,2.19
9781452121208,2.19
9781452145761,2.19
9781452173436,2.19
9781797211978,2.19
9781797217604,2.19
736313543773,2.18
810073341623,2.18
9780811849555,2.18
9780811865227,2.18
9781452107912,2.18
9781452122281,2.18
9781452142685,2.18
9781452181080,2.18
9781616894221,2.18
9781648960802,2.18
9781797213019,2.18
9781797214320,2.18
9781797219318,2.18
9781797219899,2.18
810073340640,2.17
5055923734971,2.17
9780811869805,2.17
9781452103044,2.17
9781452160412,2.17
9781452180069,2.17
9781452184470,2.17
9781616892555,2.17
9781797201061,2.17
9781797207834,2.17
9781797216874,2.17
9781797217314,2.17
9780811863223,2.16
9781452108223,2.16
9781452143071,2.16
9781452155661,2.16
9781452164557,2.16
9781452168241,2.16
9781797201948,2.16
9781797210841,2.16
9781797211169,2.16
9781797221779,2.16
9781797222639,2.16
5055923753415,2.15
5055923757932,2.15
9780811859981,2.15
9780811871433,2.15
9781452100555,2.15
9781452102139,2.15
9781452111063,2.15
9781452138169,2.15
9781452167152,2.15
9781452175911,2.15
9781452184876,2.15
9781616892326,2.15
9781616899936,2.15
9781648960826,2.15
9781797212104,2.15
9781797212302,2.15
9781797220963,2.15
9781797222806,2.15
9781797234076,2.15
5055923776193,2.14
9781452142166,2.14
9781452153896,2.14
9781452173023,2.14
9781452175928,2.14
9781452176857,2.14
9781452179674,2.14
9781452182261,2.14
9781452182506,2.14
9781452182759,2.14
9781797206981,2.14
9781797211923,2.14
810073341463,2.13
5055923780770,2.13
9780811863582,2.13
9781452111629,2.13
9781452137452,2.13
9781452147000,2.13
9781452154787,2.13
9781452154794,2.13
9781452174792,2.13
9781452178745,2.13
9781616897062,2.13
9781797209579,2.13
9781797220277,2.13
810073342439,2.12
9780811836982,2.12
9780811851107,2.12
9780811865128,2.12
9780811867634,2.12
9781452116938,2.12
9781452122298,2.12
9781452144566,2.12
9781452167749,2.12
9781452180960,2.12
9781452181059,2.12
9781648961083,2.12
9781797217451,2.12
9781797219042,2.12
9781797227115,2.12
9781797230146,2.12
810073340350,2.11
9780811831956,2.11
9780811839273,2.11
9781452136615,2.11
9781452161594,2.11
9781452164373,2.11
9781452166360,2.11
9781452167664,2.11
9781452171654,2.11
9781452182445,2.11
9781452184494,2.11
9781797201245,2.11
736313545098,2.10
5055923757888,2.10
5055923773093,2.10
9781452102054,2.10
9781452111100,2.10
9781452112138,2.10
9781452150017,2.10
9781452150604,2.10
9781452154664,2.10
9781452154701,2.10
9781452168418,2.10
9781452171876,2.10
9781452177793,2.10
9781616898700,2.10
9781797222448,2.10
9781797229362,2.10
9781797231556,2.10
9781797234052,2.10
810073341760,2.09
5055923781135,2.09
9780811869591,2.09
9781452139999,2.09
9781452155388,2.09
9781452165073,2.09
9781452165363,2.09
9781648960529,2.09
9781648961632,2.09
9781648961724,2.09
9781797200897,2.09
9781797201962,2.09
9781797209449,2.09
9781797214207,2.09
9781797214290,2.09
9781797219547,2.09
9781797231396,2.09
9780811843522,2.08
9780811868907,2.08
9781452125916,2.08
9781452139142,2.08
9781452144337,2.08
9781452156200,2.08
9781452172880,2.08
9781452179599,2.08
9781797201382,2.08
9781797201504,2.08
9781797211466,2.08
9781797232300,2.08
736313544633,2.07
5055923781104,2.07
9780811826068,2.07
9780811870542,2.07
9780811877954,2.07
9781452106700,2.07
9781452178097,2.07
9781452178844,2.07
9781452180786,2.07
9781648960901,2.07
9781797203645,2.07
9781797228297,2.07
810073340664,2.06
810073340671,2.06
5055923773109,2.06
5055923786376,2.06
9780811849494,2.06
9780811874816,2.06
9781452117140,2.06
9781452130842,2.06
9781452147468,2.06
9781452149653,2.06
9781452160986,2.06
9781452180724,2.06
9781797218458,2.06
9781797221526,2.06
736313544503,2.05
736313544510,2.05
736313544527,2.05
810073342712,2.05
9780811828307,2.05
9780811867955,2.05
9781452112695,2.05
9781452128245,2.05
9781452167459,2.05
9781452176727,2.05
9781452180076,2.05
9781616893484,2.05
9781616894597,2.05
9781797207865,2.05
9781797210742,2.05
9781797226507,2.05
9781797231679,2.05
5055923776209,2.04
5055923790144,2.04
9781452105307,2.04
9781452118871,2.04
9781452156958,2.04
9781452178882,2.04
9781452183336,2.04
9781452184258,2.04
9781797219745,2.04
9781797221007,2.04
9781797227429,2.04
9781797229461,2.04
9781797232164,2.04
9780811860697,2.03
9780877016083,2.03
9781452137728,2.03
9781452155395,2.03
9781452176901,2.03
9781452177137,2.03
9781452180755,2.03
9781452180762,2.03
9781616898816,2.03
9781648960857,2.03
9781797205137,2.03
810073342965,2.02
9781452128252,2.02
9781452129082,2.02
9781452134864,2.02
9781452164595,2.02
9781452166506,2.02
9781452181820,2.02
9781648960321,2.02
9781797206127,2.02
9781797209562,2.02
9781797217567,2.02
9780811867993,2.01
9780811874090,2.01
9781452102573,2.01
9781452107738,2.01
9781452139838,2.01
9781452164540,2.01
9781452173283,2.01
9781452174228,2.01
9781616895433,2.01
9781797209821,2.01
9781797209876,2.01
9781797211879,2.01
9781797225258,2.01
810073341746,2.00
810073341838,2.00
810073341999,2.00
9780811859103,2.00
9780811859301,2.00
9780811867450,2.00
9780811874861,2.00
9780811876940,2.00
9781452118321,2.00
9781452118680,2.00
9781452120317,2.00
9781452138756,2.00
9781452139982,2.00
9781452160375,2.00
9781452170121,2.00
9781452180793,2.00
9781452182513,2.00
9781452184326,2.00
9781648960031,2.00
9781648961328,2.00
9781648961359,2.00
9781797214382,2.00
9781797220987,2.00
810073341685,1.99
9780811842655,1.99
9780811853460,1.99
9780811865579,1.99
9780811870207,1.99
9780811871075,1.99
9781452100494,1.99
9781452131672,1.99
9781452164281,1.99
9781452169965,1.99
9781452179551,1.99
9781616898601,1.99
9781648960000,1.99
9781797202068,1.99
9781797206912,1.99
9781797214146,1.99
9781797223759,1.99
9781797225142,1.99
5055923785744,1.98
9780811859080,1.98
9781452114392,1.98
9781452142869,1.98
9781452145211,1.98
9781452158952,1.98
9781452175560,1.98
9781452179421,1.98
9781797202679,1.98
9781797211480,1.98
9781797214559,1.98
9781797217123,1.98
9781797221786,1.98
9781797222103,1.98
9781797231129,1.98
9780811861366,1.97
9780811867207,1.97
9781452139203,1.97
9781452145846,1.97
9781452160634,1.97
9781452175218,1.97
9781452175225,1.97
9781452180489,1.97
9781797205076,1.97
9781797205700,1.97
9781797211671,1.97
9781797218946,1.97
9781797222523,1.97
810073340497,1.96
5055923785560,1.96
5055923785584,1.96
9780811861342,1.96
9781452109657,1.96
9781452128979,1.96
9781452159270,1.96
9781452178332,1.96
9781452181103,1.96
9781616899806,1.96
9781648960567,1.96
9781797212593,1.96
9781797219059,1.96
9781797222493,1.96
9781797228068,1.96
9780811864558,1.95
9780811868150,1.95
9780811878104,1.95
9781452108315,1.95
9781452110066,1.95
9781452121185,1.95
9781452138503,1.95
9781452147406,1.95
9781452148335,1.95
9781452155579,1.95
9781452167138,1.95
9781452173948,1.95
9781452174631,1.95
9781452174648,1.95
9781452174655,1.95
9781452176833,1.95
9781616893323,1.95
9781616899790,1.95
9781616899875,1.95
9781797202013,1.95
9781797218427,1.95
9781797225555,1.95
9781797226880,1.95
736313544961,1.94
5055923781012,1.94
5055923785577,1.94
9781452125541,1.94
9781452135243,1.94
9781452135373,1.94
9781452137278,1.94
9781452144856,1.94
9781452181837,1.94
9781616895549,1.94
9781616899486,1.94
9781797203737,1.94
9781797210452,1.94
9781797214344,1.94
9781797215501,1.94
9781797227412,1.94
810073341043,1.93
9781452101736,1.93
9781452112886,1.93
9781452114248,1.93
9781452137391,1.93
9781452148366,1.93
9781452162157,1.93
9781452163819,1.93
9781452164199,1.93
9781452164809,1.93
9781452167435,1.93
9781452169781,1.93
9781452173146,1.93
9781452180045,1.93
810073341340,1.92
9780811859271,1.92
9781452136318,1.92
9781452139883,1.92
9781452144238,1.92
9781452151427,1.92
9781452154800,1.92
9781452164236,1.92
9781452164274,1.92
9781452174785,1.92
9781616897994,1.92
9781616899059,1.92
9781797200767,1.92
9781797203805,1.92
9781797206943,1.92
9781797209692,1.92
9781797212982,1.92
9781797214887,1.92
9781797220086,1.92
9780811860635,1.91
9781452113524,1.91
9781452117232,1.91
9781452144177,1.91
9781452145136,1.91
9781452156194,1.91
9781452165332,1.91
9781452170893,1.91
9781452174839,1.91
9781452175003,1.91
9781616897734,1.91
9781648960673,1.91
9781797202846,1.91
9781797206363,1.91
9780811852517,1.90
9781452125480,1.90
9781452140193,1.90
9781616899158,1.90
9781797207698,1.90
9781797209555,1.90
9781797210667,1.90
9781797219448,1.90
9781797227733,1.90
810073342033,1.89
9781452103327,1.89
9781452116709,1.89
9781452127965,1.89
9781452152059,1.89
9781452174891,1.89
9781452176925,1.89
9781616892760,1.89
9781797202242,1.89
9781797203744,1.89
9781797205724,1.89
9781797227771,1.89
9781452117379,1.88
9781452125589,1.88
9781452145815,1.88
9781452151946,1.88
9781452170671,1.88
9781452172606,1.88
9781452173474,1.88
9781452179483,1.88
9781452181950,1.88
9781797201900,1.88
9781797203423,1.88
9781797207315,1.88
9781797211947,1.88
9781797219431,1.88
810073341180,1.87
5055923767238,1.87
9780811879101,1.87
9781452114156,1.87
9781452131849,1.87
9781452156040,1.87
9781452161150,1.87
9781452165172,1.87
9781616891381,1.87
9781616896355,1.87
9781797205458,1.87
9781797218687,1.87
9781797224893,1.87
9781797226286,1.87
5055923776223,1.86
9780811821841,1.86
9780811857093,1.86
9780811857345,1.86
9781452127842,1.86
9781452151878,1.86
9781452155562,1.86
9781452155838,1.86
9781452158808,1.86
9781452159218,1.86
9781452160993,1.86
9781452176840,1.86
9781452179704,1.86
9781797205922,1.86
5055923781814,1.85
9781452107837,1.85
9781452108827,1.85
9781452114316,1.85
9781452144818,1.85
9781452146980,1.85
9781452147352,1.85
9781452159195,1.85
9781452173269,1.85
9781797201917,1.85
9781797211916,1.85
9781797224398,1.85
9781797225289,1.85
9781797229492,1.85
9781797231792,1.85
810073340510,1.84
5055923781807,1.84
9780811801805,1.84
9780811828895,1.84
9780811870993,1.84
9781452109220,1.84
9781452109503,1.84
9781452159584,1.84
9781452161235,1.84
9781452183213,1.84
9781797228945,1.84
9781797230863,1.84
9780811822176,1.83
9781452105017,1.83
9781452118901,1.83
9781452124247,1.83
9781452132631,1.83
9781452136554,1.83
9781452159096,1.83
9781616890933,1.83
9781616896072,1.83
9781797205977,1.83
9781797211596,1.83
9781797224558,1.83
9781797228075,1.83
9780811876858,1.82
9781452115436,1.82
9781452124797,1.82
9781452130835,1.82
9781452134505,1.82
9781452162478,1.82
9781452164656,1.82
9781452166636,1.82
9781452171531,1.82
9781797209630,1.82
9781797213163,1.82
9781797220178,1.82
9781797221830,1.82
9781797231341,1.82
736313545104,1.81
9780811839082,1.81
9780811844109,1.81
9780811869461,1.81
9780811876322,1.81
9781452106519,1.81
9781452110707,1.81
9781452114415,1.81
9781452132709,1.81
9781452148489,1.81
9781452155180,1.81
9781452160450,1.81
9781452164441,1.81
9781452165998,1.81
9781452170442,1.81
9781452170862,1.81
9781452173306,1.81
9781452173634,1.81
9781452176444,1.81
9781797210193,1.81
9781797214610,1.81
9781797215761,1.81
810073340442,1.80
810073341074,1.80
5055923781791,1.80
9780811877572,1.80
9781452102061,1.80
9781452115344,1.80
9781452118970,1.80
9781452133591,1.80
9781452136509,1.80
9781452155586,1.80
9781452156910,1.80
9781452160399,1.80
9781452163307,1.80
9781452174464,1.80
9781452178592,1.80
9781452179766,1.80
9781452180915,1.80
9781452182360,1.80
9781452184760,1.80
9781797201078,1.80
9781797202785,1.80
9781797207605,1.80
9781797213767,1.80
9781797214481,1.80
9781797218762,1.80
9781797221908,1.80
9781797230825,1.80
9781797232041,1.80
9781797234083,1.80
810073340657,1.79
9780811877473,1.79
9781452103143,1.79
9781452131603,1.79
9781452171548,1.79
9781452182278,1.79
9781616897321,1.79
9781616899011,1.79
9781648960703,1.79
9781797210728,1.79
9781797217000,1.79
9781797219769,1.79
810073341357,1.78
9781452118390,1.78
9781452135250,1.78
9781452159850,1.78
9781452161242,1.78
9781452163291,1.78
9781452182285,1.78
9781616891343,1.78
9781616892203,1.78
9781797212227,1.78
9781797212487,1.78
9781797220000,1.78
810073342910,1.77
5055923778999,1.77
9780811869584,1.77
9780811874625,1.77
9781452114408,1.77
9781452115351,1.77
9781452153933,1.77
9781452154374,1.77
9781452155913,1.77
9781452162447,1.77
9781452162461,1.77
9781452164779,1.77
9781452177731,1.77
9781648960475,1.77
9781797202099,1.77
9781797205069,1.77
9781797205731,1.77
9781797207889,1.77
9781797216270,1.77
9781797230306,1.77
810073340619,1.76
9780811852432,1.76
9781452105444,1.76
9781452105949,1.76
9781452108537,1.76
9781452116808,1.76
9781452124933,1.76
9781452125299,1.76
9781452138725,1.76
9781452150161,1.76
9781452168616,1.76
9781452169521,1.76
9781452170305,1.76
9781452176437,1.76
9781452176550,1.76
9781452176987,1.76
9781452182803,1.76
9781452189956,1.76
9781797218601,1.76
9781797219363,1.76
9781797225524,1.76
9788861896963,1.76
810073341333,1.75
810073341494,1.75
9781452116952,1.75
9781452144597,1.75
9781452151410,1.75
9781452164588,1.75
9781452173832,1.75
9781452174242,1.75
9781452184234,1.75
9781616890483,1.75
9781797200200,1.75
9781797206370,1.75
9781797220123,1.75
9781797225494,1.75
810073341364,1.74
5055923781784,1.74
9780811842204,1.74
9780811878500,1.74
9781452132662,1.74
9781452144122,1.74
9781452147314,1.74
9781452147437,1.74
9781452170732,1.74
9781616899714,1.74
9781797207261,1.74
9781797212975,1.74
9781797228808,1.74
9781797229423,1.74
9780811877763,1.73
9780811879408,1.73
9781452104683,1.73
9781452105291,1.73
9781452134345,1.73
9781452144917,1.73
9781452159294,1.73
9781452164151,1.73
9781452167732,1.73
9781452170152,1.73
9781452170190,1.73
9781452170565,1.73
9781616899929,1.73
9781648960062,1.73
9781797200224,1.73
9781797200231,1.73
9781797210582,1.73
9781797212968,1.73
9781797218502,1.73
9781797224572,1.73
9781452108575,1.72
9781452111001,1.72
9781452114149,1.72
9781452130811,1.72
9781452133904,1.72
9781452138206,1.72
9781452163505,1.72
9781452175133,1.72
9781452180038,1.72
9781797203775,1.72
9781797210711,1.72
9781797219813,1.72
5055923712658,1.71
9780811857840,1.71
9780811859011,1.71
9780811860451,1.71
9780811863872,1.71
9780811870979,1.71
9781452107035,1.71
9781452107776,1.71
9781452154237,1.71
9781452173641,1.71
9781452176895,1.71
9781797200712,1.71
9781797201955,1.71
9781797226439,1.71
736313545180,1.70
810073341944,1.70
9780811875349,1.70
9781452121505,1.70
9781452124940,1.70
9781452146553,1.70
9781452149042,1.70
9781452150079,1.70
9781452158358,1.70
9781452179612,1.70
9781568985817,1.70
9781797201931,1.70
9781797205267,1.70
9781797205274,1.70
9781797208930,1.70
9781797212821,1.70
9781797213590,1.70
9781797217444,1.70
9781797217482,1.70
9781797234090,1.70
9780811876445,1.69
9781452107301,1.69
9781452107769,1.69
9781452164410,1.69
9781452164786,1.69
9781452184555,1.69
9781616899622,1.69
9781797206936,1.69
9781797210889,1.69
9781797220130,1.69
9781797221502,1.69
9781797223674,1.69
9781452106656,1.68
9781452111605,1.68
9781452111889,1.68
9781452134741,1.68
9781452138787,1.68
9781452159836,1.68
9781452169583,1.68
9781452172200,1.68
9781452182377,1.68
9781616898687,1.68
9781616899189,1.68
9781648960055,1.68
9781797202990,1.68
9781797204673,1.68
9781797209678,1.68
9781797215792,1.68
9780811876377,1.67
9780811879415,1.67
9781452107714,1.67
9781452138213,1.67
9781452138909,1.67
9781452150178,1.67
9781452151656,1.67
9781452153926,1.67
9781452171005,1.67
9781452171012,1.67
9781452172187,1.67
9781452177335,1.67
9781616897239,1.67
9781616897604,1.67
9781797200149,1.67
9781797203683,1.67
9781797205144,1.67
9781797210353,1.67
9781797218915,1.67
810073341753,1.66
5055923765890,1.66
5055923785522,1.66
5055923785539,1.66
5055923785546,1.66
5055923785973,1.66
9780811878128,1.66
9780811879262,1.66
9781452111148,1.66
9781452143064,1.66
9781452145051,1.66
9781452149493,1.66
9781452156965,1.66
9781452158518,1.66
9781452164649,1.66
9781452167602,1.66
9781452170183,1.66
9781452173986,1.66
9781797200750,1.66
9781797213712,1.66
9781797215266,1.66
9781797226392,1.66
5055923789988,1.65
9780811840835,1.65
9780811858229,1.65
9781452101088,1.65
9781452127811,1.65
9781452128825,1.65
9781452136271,1.65
9781452142609,1.65
9781452142616,1.65
9781452151250,1.65
9781452157641,1.65
9781452163031,1.65
9781452173825,1.65
9781616897345,1.65
9781616899899,1.65
9781797207094,1.65
9781797212135,1.65
9781797219851,1.65
9781797222530,1.65
9781797228785,1.65
9781797229942,1.65
810073341449,1.64
810073341456,1.64
810073342897,1.64
9780811876308,1.64
9781452111926,1.64
9781452148984,1.64
9781452162720,1.64
9781452163581,1.64
9781452176703,1.64
9781797200927,1.64
9781797203225,1.64
9781797205373,1.64
9781797209685,1.64
9781797210186,1.64
9781797214894,1.64
9781797215617,1.64
9781797216492,1.64
9781797216706,1.64
9781797217673,1.64
9781797234137,1.64
5055923771150,1.63
9781452148465,1.63
9781452155296,1.63
9781452164625,1.63
9781452165189,1.63
9781452168852,1.63
9781452183237,1.63
9781452189741,1.63
9781616899462,1.63
9781616899769,1.63
9781797216201,1.63
9781797216263,1.63
9781797222486,1.63
810073341500,1.62
810073342378,1.62
5055923781142,1.62
9780811856447,1.62
9781452109534,1.62
9781452149875,1.62
9781452163413,1.62
9781452174143,1.62
9781452176802,1.62
9781452178400,1.62
9781452182025,1.62
9781452183350,1.62
9781797202082,1.62
9781797205151,1.62
9781797212265,1.62
9781797219479,1.62
9781797231945,1.62
9781797231952,1.62
810073340572,1.61
810073342880,1.61
810073342941,1.61
9780811869843,1.61
9780811877800,1.61
9780811879224,1.61
9781452102825,1.61
9781452111025,1.61
9781452113715,1.61
9781452123684,1.61
9781452149769,1.61
9781452150666,1.61
9781452155036,1.61
9781452156408,1.61
9781452162782,1.61
9781452162836,1.61
9781452167633,1.61
9781452168920,1.61
9781452171425,1.61
9781452172521,1.61
9781648961199,1.61
9781797209388,1.61
9781797209593,1.61
9780811871532,1.60
9780811874908,1.60
9780811877947,1.60
9781452101552,1.60
9781452105253,1.60
9781452108391,1.60
9781452109060,1.60
9781452109862,1.60
9781452151625,1.60
9781452160658,1.60
9781452164335,1.60
9781452164472,1.60
9781452169989,1.60
9781452174778,1.60
9781452177274,1.60
9781452178721,1.60
9781452184838,1.60
9781568989693,1.60
9781616896829,1.60
9781616896997,1.60
9781797215532,1.60
9781797215808,1.60
9781797222578,1.60
9781797232003,1.60
9780811811217,1.59
9780811841023,1.59
9780811868952,1.59
9781452102320,1.59
9781452112718,1.59
9781452126456,1.59
9781452144825,1.59
9781452149868,1.59
9781452161631,1.59
9781452162812,1.59
9781452168531,1.59
9781452172866,1.59
9781452174471,1.59
9781452174570,1.59
9781452176765,1.59
9781616894887,1.59
9781648960178,1.59
9781797201238,1.59
9781797214450,1.59
9781797217222,1.59
9781797227405,1.59
736313544954,1.58
736313545173,1.58
9780811872805,1.58
9781452112664,1.58
9781452115573,1.58
9781452129426,1.58
9781452135656,1.58
9781452139944,1.58
9781452151977,1.58
9781452160351,1.58
9781452163048,1.58
9781452164618,1.58
9781452167244,1.58
9781452167817,1.58
9781452173177,1.58
9781452178554,1.58
9781452182568,1.58
9781648961441,1.58
9781797207025,1.58
9781797212241,1.58
9781797218625,1.58
9781797221090,1.58
9781797225111,1.58
736313544480,1.57
810073342934,1.57
5055923765876,1.57
5055923790083,1.57
9781452107202,1.57
9781452115566,1.57
9781452124575,1.57
9781452138770,1.57
9781452139845,1.57
9781452155265,1.57
9781452157672,1.57
9781452165103,1.57
9781452171913,1.57
9781797205342,1.57
9781797215648,1.57
9781797218540,1.57
9781797221076,1.57
736313544473,1.56
810073341708,1.56
810073341715,1.56
9780811825405,1.56
9780811834773,1.56
9780811856102,1.56
9780811871617,1.56
9780811878647,1.56
9781452102856,1.56
9781452134420,1.56
9781452161129,1.56
9781452161167,1.56
9781452170107,1.56
9781452181554,1.56
9781452184319,1.56
9781648960543,1.56
9781797210223,1.56
9781797212562,1.56
9781797215655,1.56
9781797229355,1.56
9781797230313,1.56
5055923790007,1.55
9780811860628,1.55
9780811875370,1.55
9781452127873,1.55
9781452130828,1.55
9781452135199,1.55
9781452145808,1.55
9781452146010,1.55
9781452149608,1.55
9781452161501,1.55
9781452164878,1.55
9781452170916,1.55
9781452172705,1.55
9781452173610,1.55
9781452180564,1.55
9781797200705,1.55
9781797210490,1.55
9781797215730,1.55
9781797216225,1.55
9781797224350,1.55
9781797227887,1.55
810073343207,1.54
5055923765883,1.54
5055923778883,1.54
5055923790168,1.54
9780811840071,1.54
9780811852364,1.54
9780811875141,1.54
9781452101149,1.54
9781452106458,1.54
9781452113869,1.54
9781452114132,1.54
9781452129228,1.54
9781452129396,1.54
9781452141831,1.54
9781452145006,1.54
9781452154329,1.54
9781452162546,1.54
9781452164465,1.54
9781452174860,1.54
9781452181868,1.54
9781648961274,1.54
9781648961298,1.54
9781797210445,1.54
9781797220093,1.54
9781797223629,1.54
9781797231211,1.54
5055923789995,1.53
9780811820042,1.53
9780811842167,1.53
9780811852357,1.53
9780811861045,1.53
9781452108292,1.53
9781452113463,1.53
9781452119045,1.53
9781452126449,1.53
9781452140520,1.53
9781452158778,1.53
9781452169590,1.53
9781452171920,1.53
9781452172767,1.53
9781452181042,1.53
9781452183282,1.53
9781616895853,1.53
9781797200910,1.53
9781797203560,1.53
9781797203980,1.53
9781797213873,1.53
9781797217116,1.53
9781797227863,1.53
9781797229508,1.53
9781452112527,1.52
9781452127750,1.52
9781452131511,1.52
9781452151960,1.52
9781452151984,1.52
9781452151991,1.52
9781452160603,1.52
9781452163710,1.52
9781452167770,1.52
9781452176963,1.52
9781797216478,1.52
9781797224565,1.52
9781797226828,1.52
810073341395,1.51
9780811850520,1.51
9780811856454,1.51
9780811868839,1.51
9780811874809,1.51
9780811876964,1.51
9781452101286,1.51
9781452101729,1.51
9781452102214,1.51
9781452111742,1.51
9781452134796,1.51
9781452139104,1.51
9781452142319,1.51
9781452142692,1.51
9781452152394,1.51
9781452155609,1.51
9781452156903,1.51
9781452159324,1.51
9781452159591,1.51
9781452170756,1.51
9781452172903,1.51
9781452173016,1.51
9781452173603,1.51
9781452174907,1.51
9781452176543,1.51
9781452179650,1.51
9781452180298,1.51
9781452180540,1.51
9781452180670,1.51
9781452181981,1.51
9781452182957,1.51
9781452184487,1.51
9781587170669,1.51
9781616898847,1.51
9781797203058,1.51
9781797213675,1.51
9781797215488,1.51
9781797216867,1.51
9781797222165,1.51
9781797227580,1.51
9781797229379,1.51
9781797229386,1.51
9781797231198,1.51
810073340718,1.50
810073341432,1.50
9780811857703,1.50
9780811873406,1.50
9780811873444,1.50
9780811883320,1.50
9781452108728,1.50
9781452110783,1.50
9781452123349,1.50
9781452124834,1.50
9781452138466,1.50
9781452146560,1.50
9781452151755,1.50
9781452156743,1.50
9781452161068,1.50
9781452161600,1.50
9781452169354,1.50
9781452169750,1.50
9781452170428,1.50
9781452172910,1.50
9781452176710,1.50
9781452181721,1.50
9781616898618,1.50
9781797200101,1.50
9781797207919,1.50
9781797213170,1.50
9781797215631,1.50
9781797215846,1.50
9781797219653,1.50
9781797229317,1.50
9781797232034,1.50
810073341418,1.49
810073341777,1.49
9780811857710,1.49
9780811867870,1.49
9780811869744,1.49
9780811871426,1.49
9780811871457,1.49
9780811871471,1.49
9780811872355,1.49
9780811875240,1.49
9781452110714,1.49
9781452117171,1.49
9781452125831,1.49
9781452128917,1.49
9781452135472,1.49
9781452136363,1.49
9781452140070,1.49
9781452151908,1.49
9781452155333,1.49
9781452156118,1.49
9781452163147,1.49
9781452163758,1.49
9781587170003,1.49
9781616899493,1.49
9781797205168,1.49
9781797205656,1.49
9781797207841,1.49
9781797207858,1.49
9781797207926,1.49
9781797212852,1.49
9781797215068,1.49
9781797224640,1.49
9781797225821,1.49
9781797225876,1.49
9781797229157,1.49
5055923781067,1.48
9780811861878,1.48
9780811867887,1.48
9780811878364,1.48
9781452101606,1.48
9781452102429,1.48
9781452110202,1.48
9781452122175,1.48
9781452127125,1.48
9781452132969,1.48
9781452140162,1.48
9781452140247,1.48
9781452142302,1.48
9781452142371,1.48
9781452142944,1.48
9781452150253,1.48
9781452156095,1.48
9781452163765,1.48
9781452170763,1.48
9781452170794,1.48
9781452174235,1.48
9781452181745,1.48
9781452183831,1.48
9781452184807,1.48
9781616899066,1.48
9781616899547,1.48
9781797205670,1.48
9781797205908,1.48
9781797208923,1.48
9781797211732,1.48
9781797218526,1.48
9781797220192,1.48
9781797233000,1.48
9781797233017,1.48
810073341470,1.47
810073342477,1.47
810073342569,1.47
5055923757918,1.47
9780811834414,1.47
9780811873338,1.47
9780811879507,1.47
9781452107585,1.47
9781452125886,1.47
9781452138398,1.47
9781452158211,1.47
9781452162188,1.47
9781452163055,1.47
9781452170817,1.47
9781452171807,1.47
9781452172712,1.47
9781452178073,1.47
9781452181523,1.47
9781452181738,1.47
9781797203553,1.47
9781797212791,1.47
9781797215839,1.47
9781797223667,1.47
5055923790090,1.46
9781452105345,1.46
9781452107424,1.46
9781452107509,1.46
9781452107721,1.46
9781452108070,1.46
9781452111131,1.46
9781452112497,1.46
9781452137797,1.46
9781452154862,1.46
9781452161402,1.46
9781452184517,1.46
9781616897901,1.46
9781616898151,1.46
9781648961212,1.46
9781648961502,1.46
9781797201825,1.46
9781797215662,1.46
9781797221564,1.46
9781797223636,1.46
9781797228082,1.46
810073343054,1.45
810073343108,1.45
5055923751886,1.45
5055923778876,1.45
5055923781913,1.45
5055923785782,1.45
9780811831581,1.45
9780811834926,1.45
9780811863568,1.45
9780811875424,1.45
9781452106403,1.45
9781452129310,1.45
9781452143088,1.45
9781452143170,1.45
9781452147307,1.45
9781452148311,1.45
9781452150086,1.45
9781452150260,1.45
9781452156101,1.45
9781452156125,1.45
9781452169682,1.45
9781452171364,1.45
9781452172552,1.45
9781452175881,1.45
9781452182933,1.45
9781452184777,1.45
9781797212845,1.45
9781797215518,1.45
9781797218465,1.45
9781797227801,1.45
9781797228938,1.45
810073341883,1.44
5055923776131,1.44
5055923778852,1.44
5055923790106,1.44
9780811855228,1.44
9780811866798,1.44
9781452108148,1.44
9781452108162,1.44
9781452111933,1.44
9781452112503,1.44
9781452112510,1.44
9781452119342,1.44
9781452129174,1.44
9781452133508,1.44
9781452137735,1.44
9781452142364,1.44
9781452142647,1.44
9781452148458,1.44
9781452161181,1.44
9781452161563,1.44
9781452163437,1.44
9781452168357,1.44
9781452170770,1.44
9781452177168,1.44
9781452184562,1.44
9781616895778,1.44
9781616895914,1.44
9781616898922,1.44
9781648960369,1.44
9781797209364,1.44
9781797210414,1.44
736313544497,1.43
810073341890,1.43
810073342903,1.43
810073342927,1.43
5055923765760,1.43
5055923785775,1.43
9780811842532,1.43
9780811845359,1.43
9780811864794,1.43
9780811870191,1.43
9781452110943,1.43
9781452148281,1.43
9781452161013,1.43
9781452163734,1.43
9781452170688,1.43
9781452171609,1.43
9781452174495,1.43
9781452179735,1.43
9781797200583,1.43
9781797204598,1.43
9781797205359,1.43
9781797210407,1.43
9781797212869,1.43
9781797212883,1.43
9781797219936,1.43
9781797220208,1.43
9781797220215,1.43
9781797220222,1.43
9781797222431,1.43
9781797227900,1.43
9781797227917,1.43
9781797228099,1.43
9781797228105,1.43
810073341012,1.42
810073341555,1.42
810073342859,1.42
5055923712603,1.42
5055923747063,1.42
5055923753446,1.42
9780811846363,1.42
9780811875134,1.42
9781452105000,1.42
9781452108124,1.42
9781452113678,1.42
9781452129136,1.42
9781452129167,1.42
9781452132624,1.42
9781452138497,1.42
9781452142357,1.42
9781452145860,1.42
9781452150291,1.42
9781452155456,1.42
9781452158242,1.42
9781452160610,1.42
9781452163741,1.42
9781452166124,1.42
9781452171197,1.42
9781452171210,1.42
9781452178370,1.42
9781452182131,1.42
9781616899431,1.42
9781797205120,1.42
9781797205663,1.42
9781797215211,1.42
9781797216133,1.42
9781797216553,1.42
9781797221304,1.42
9781797222233,1.42
9781797224336,1.42
9781797227597,1.42
9781797228341,1.42
9781797228358,1.42
9781797228365,1.42
9781797228372,1.42
9781797228464,1.42
9781797228471,1.42
9781797228488,1.42
810073341531,1.41
810073341548,1.41
810073342255,1.41
810073342866,1.41
5055923712566,1.41
5055923753378,1.41
5055923753385,1.41
5055923757871,1.41
5055923783283,1.41
9780811848480,1.41
9781452106649,1.41
9781452109107,1.41
9781452115313,1.41
9781452118963,1.41
9781452128986,1.41
9781452136301,1.41
9781452146577,1.41
9781452146584,1.41
9781452146614,1.41
9781452161204,1.41
9781452164571,1.41
9781452164601,1.41
9781452170312,1.41
9781452170787,1.41
9781452174808,1.41
9781452182988,1.41
9781452183220,1.41
810073342811,1.40
5055923712573,1.40
5055923712610,1.40
5055923757840,1.40
5055923776063,1.40
5055923776162,1.40
5055923776179,1.40
5055923779002,1.40
9780811861106,1.40
9780811863551,1.40
9780811867665,1.40
9781452115245,1.40
9781452129150,1.40
9781452140148,1.40
9781452153988,1.40
9781452154763,1.40
9781452155340,1.40
9781452166735,1.40
9781452168395,1.40
9781452169415,1.40
9781797206387,1.40
9781797206851,1.40
9781797209869,1.40
9781797210780,1.40
9781797210810,1.40
9781797214863,1.40
9781797214870,1.40
9781797216959,1.40
9781797219738,1.40
810073343085,1.39
2781616895570,1.39
5055923757833,1.39
9780811863537,1.39
9781452100562,1.39
9781452102498,1.39
9781452125879,1.39
9781452145020,1.39
9781452163352,1.39
9781452169972,1.39
9781452170800,1.39
9781452174150,1.39
9781452179773,1.39
9781452181714,1.39
9781616895198,1.39
9781616896775,1.39
9781616899028,1.39
9781797205366,1.39
9781797205687,1.39
9781797205694,1.39
9781797206844,1.39
9781797212876,1.39
9781797221403,1.39
9781797225616,1.39
9781797226194,1.39
810073340824,1.38
810073341005,1.38
810073342231,1.38
5055923747087,1.38
5055923757826,1.38
5055923757857,1.38
5055923765715,1.38
5055923765869,1.38
9780811851367,1.38
9780811854573,1.38
9780811869997,1.38
9781452114118,1.38
9781452128313,1.38
9781452131566,1.38
9781452132617,1.38
9781452133867,1.38
9781452141466,1.38
9781452141756,1.38
9781452143125,1.38
9781452146966,1.38
9781452153223,1.38
9781452167657,1.38
9781452170398,1.38
9781452171203,1.38
9781452174846,1.38
9781452180380,1.38
9781452183862,1.38
9781616895808,1.38
9781616898441,1.38
9781797201269,1.38
9781797209647,1.38
9781797210681,1.38
9781797212937,1.38
9781797225128,1.38
9781797227245,1.38
9781797228761,1.38
810073340992,1.37
810073341029,1.37
5055923712627,1.37
9780811868600,1.37
9781452114071,1.37
9781452114286,1.37
9781452140131,1.37
9781452145723,1.37
9781452165042,1.37
9781452169569,1.37
9781452177212,1.37
9781648961243,1.37
9781797205083,1.37
9781797206097,1.37
9781797210599,1.37
9781797212470,1.37
9781797212784,1.37
9781797213811,1.37
9781797214429,1.37
9781797217734,1.37
9781797218953,1.37
9781797219554,1.37
9781797222080,1.37
9781797226484,1.37
5055923765845,1.36
9780811848473,1.36
9780811870320,1.36
9780811870535,1.36
9781452111810,1.36
9781452118185,1.36
9781452124568,1.36
9781452136264,1.36
9781616899998,1.36
9781797229263,1.36
810073340831,1.35
810073341067,1.35
810073341562,1.35
810073341630,1.35
810073342217,1.35
810073342224,1.35
810073342248,1.35
5055923747070,1.35
5055923785256,1.35
5055923789971,1.35
9780811845250,1.35
9780811859240,1.35
9781452104706,1.35
9781452108179,1.35
9781452127972,1.35
9781452129044,1.35
9781452134338,1.35
9781452145143,1.35
9781452148410,1.35
9781452151595,1.35
9781452154336,1.35
9781452157634,1.35
9781452164885,1.35
9781452164892,1.35
9781452164908,1.35
9781452164915,1.35
9781452167466,1.35
9781452167473,1.35
9781452167787,1.35
9781452170930,1.35
9781452173757,1.35
9781452173764,1.35
9781452173771,1.35
9781452175799,1.35
9781452178240,1.35
9781452178257,1.35
9781452179681,1.35
9781452182940,1.35
9781452183015,1.35
9781452183022,1.35
9781452183039,1.35
9781452183046,1.35
9781452184623,1.35
9781648960697,1.35
9781797202006,1.35
9781797202396,1.35
9781797205380,1.35
9781797205397,1.35
9781797205403,1.35
9781797205410,1.35
9781797212654,1.35
9781797212661,1.35
9781797219684,1.35
9781797219691,1.35
9781797221380,1.35
9781797221397,1.35
9781797224817,1.35
9781797224824,1.35
9781797225159,1.35
9781797228327,1.35
9781797228334,1.35
9781797229515,1.35
9781797230979,1.35
9781797230993,1.35
5055923779026,1.34
5055923785225,1.34
5055923785294,1.34
9780811849036,1.34
9780811861953,1.34
9780811862943,1.34
9780811866934,1.34
9781452101859,1.34
9781452107479,1.34
9781452127392,1.34
9781452127835,1.34
9781452127880,1.34
9781452131412,1.34
9781452144368,1.34
9781452171883,1.34
9781452172514,1.34
9781452177892,1.34
9781452178387,1.34
9781797201870,1.34
9781797201887,1.34
9781797211251,1.34
9781797212524,1.34
9781797216119,1.34
9781797216683,1.34
9781797222219,1.34
5055923711286,1.33
5055923766286,1.33
9780811807586,1.33
9781452110219,1.33
9781452116655,1.33
9781452117393,1.33
9781452123431,1.33
9781452135168,1.33
9781452140186,1.33
9781452145150,1.33
9781452160627,1.33
9781452165349,1.33
9781452173184,1.33
9781452176420,1.33
9781452182667,1.33
9781648960215,1.33
9781797201696,1.33
9781797212678,1.33
9781797213804,1.33
9781797219356,1.33
9781797223322,1.33
9781797226361,1.33
9781797229102,1.33
736313544619,1.32
810073340879,1.32
810073342347,1.32
5055923751978,1.32
9781452129242,1.32
9781452137285,1.32
9781452144320,1.32
9781452145433,1.32
9781452165141,1.32
9781452169392,1.32
9781452179926,1.32
9781452181226,1.32
9781452181493,1.32
9781797202662,1.32
9781797203027,1.32
9781797205236,1.32
9781797207001,1.32
9781797209654,1.32
9781797211794,1.32
9781797212685,1.32
9781797213705,1.32
9781797219790,1.32
9781797220185,1.32
9781797227788,1.32
9781797229454,1.32
9781797229874,1.32
9781797232058,1.32
810073341739,1.31
5055923757956,1.31
9780811807180,1.31
9780811849104,1.31
9780811852449,1.31
9780811883283,1.31
9781452102955,1.31
9781452106991,1.31
9781452108902,1.31
9781452128733,1.31
9781452138732,1.31
9781452145358,1.31
9781452155357,1.31
9781452167107,1.31
9781452177908,1.31
9781452177915,1.31
9781648960079,1.31
9781797200743,1.31
9781797202730,1.31
9781797223346,1.31
9781797226279,1.31
810073340817,1.30
5055923781074,1.30
9780811844284,1.30
9780811852807,1.30
9780811865562,1.30
9780811874212,1.30
9781452107929,1.30
9781452114361,1.30
9781452128337,1.30
9781452136578,1.30
9781452144924,1.30
9781452153148,1.30
9781452161044,1.30
9781452162980,1.30
9781452167312,1.30
9781452170374,1.30
9781452171388,1.30
9781452172958,1.30
9781452173733,1.30
9781452179568,1.30
9781587172014,1.30
9781797206899,1.30
9781797214504,1.30
5055923779019,1.29
5055923781043,1.29
9780811861243,1.29
9781452133577,1.29
9781452134451,1.29
9781452161228,1.29
9781452164014,1.29
9781452177779,1.29
9781452179780,1.29
9781452184210,1.29
9781616893590,1.29
9781616897857,1.29
9781648960611,1.29
9781648960635,1.29
9781797203751,1.29
9781797212944,1.29
9781797225074,1.29
736313543384,1.28
9780811856850,1.28
9780811858175,1.28
9781452103624,1.28
9781452108605,1.28
9781452119618,1.28
9781452138060,1.28
9781452144955,1.28
9781452156620,1.28
9781452160405,1.28
9781452170961,1.28
9781452179636,1.28
9781452180397,1.28
9781452181691,1.28
9781452183701,1.28
9781452190204,1.28
9781616899417,1.28
9781648960710,1.28
9781797202747,1.28
9781797202860,1.28
9781797224435,1.28
9781797229201,1.28
758524448746,1.27
5055923765708,1.27
9781452102207,1.27
9781452114095,1.27
9781452124582,1.27
9781452137261,1.27
9781452150147,1.27
9781452150567,1.27
9781452159447,1.27
9781452164793,1.27
9781452181189,1.27
9781452181653,1.27
9781797200194,1.27
9781797206134,1.27
9781797220055,1.27
9781797229096,1.27
9781797231204,1.27
736313543377,1.26
9780811800952,1.26
9780811859202,1.26
9780811862066,1.26
9780811877701,1.26
9781452102931,1.26
9781452112114,1.26
9781452115801,1.26
9781452121512,1.26
9781452127538,1.26
9781452134819,1.26
9781452138077,1.26
9781452140230,1.26
9781452153506,1.26
9781452154855,1.26
9781452160641,1.26
9781452162744,1.26
9781452165974,1.26
9781452167442,1.26
9781452170435,1.26
9781452172873,1.26
9781452176949,1.26
9781452180281,1.26
9781587171062,1.26
9781797214306,1.26
9781797218755,1.26
9781797219677,1.26
9781797221427,1.26
9781797224855,1.26
758524449262,1.25
5055923765838,1.25
9780811800396,1.25
9780811844871,1.25
9780811848299,1.25
9780811872614,1.25
9780811878982,1.25
9781452101330,1.25
9781452118246,1.25
9781452126500,1.25
9781452139920,1.25
9781452164632,1.25
9781452167763,1.25
9781452170978,1.25
9781452172859,1.25
9781452174600,1.25
9781616891473,1.25
9781616894658,1.25
9781616899127,1.25
9781616899387,1.25
9781797204437,1.25
9781797210803,1.25
9781797213323,1.25
9781797215204,1.25
9781797216645,1.25
9781797229232,1.25
9781797229331,1.25
9781797231891,1.25
9781797231907,1.25
758524448739,1.24
810073341722,1.24
810073342590,1.24
5055923751992,1.24
5055923757864,1.24
9781452104973,1.24
9781452107851,1.24
9781452110233,1.24
9781452123417,1.24
9781452128696,1.24
9781452132600,1.24
9781452135144,1.24
9781452142845,1.24
9781452148656,1.24
9781452148663,1.24
9781452149806,1.24
9781452154633,1.24
9781452157924,1.24
9781452163468,1.24
9781452167886,1.24
9781452168814,1.24
9781452170633,1.24
9781452173450,1.24
9781452179698,1.24
9781452180205,1.24
9781452183374,1.24
9781797200187,1.24
9781797214825,1.24
9781797216287,1.24
5055923751961,1.23
9780811863995,1.23
9780811871044,1.23
9781452108254,1.23
9781452109749,1.23
9781452125848,1.23
9781452141978,1.23
9781452142975,1.23
9781452149561,1.23
9781452162560,1.23
9781452164007,1.23
9781452177748,1.23
9781452178226,1.23
9781452179629,1.23
9781452182971,1.23
9781616899110,1.23
9781616899813,1.23
9781797200170,1.23
9781797202822,1.23
9781797204734,1.23
9781797209371,1.23
9781797213798,1.23
9781797215549,1.23
9781797222202,1.23
9781797230139,1.23
810073341654,1.22
810073342330,1.22
9780811862462,1.22
9781452117119,1.22
9781452124773,1.22
9781452124964,1.22
9781452128108,1.22
9781452133584,1.22
9781452138718,1.22
9781452150185,1.22
9781452163024,1.22
9781452165110,1.22
9781452168494,1.22
9781452170299,1.22
9781452177755,1.22
9781452178066,1.22
9781452178196,1.22
9781452178233,1.22
9781452181769,1.22
9781452181998,1.22
9781452182964,1.22
9781452183053,1.22
9781616895570,1.22
9781616898502,1.22
9781797203782,1.22
9781797206882,1.22
9781797209340,1.22
9781797210148,1.22
9781797218649,1.22
9781797223339,1.22
9781797231327,1.22
5055923781050,1.21
9780811847018,1.21
9781452107486,1.21
9781452118697,1.21
9781452128269,1.21
9781452133201,1.21
9781452141343,1.21
9781452148601,1.21
9781452148724,1.21
9781452151953,1.21
9781452152011,1.21
9781452156989,1.21
9781452160344,1.21
9781452161518,1.21
9781452163130,1.21
9781452170367,1.21
9781452172545,1.21
9781452174051,1.21
9781452174068,1.21
9781452176635,1.21
9781452178851,1.21
9781452181547,1.21
9781452182704,1.21
9781452184524,1.21
9781452184937,1.21
9781797214368,1.21
9781797216935,1.21
9781797217574,1.21
9781797221540,1.21
810073341487,1.20
810073341937,1.20
810073342675,1.20
5055923776117,1.20
9780811854603,1.20
9781452101217,1.20
9781452108209,1.20
9781452117386,1.20
9781452124551,1.20
9781452133515,1.20
9781452144733,1.20
9781452149226,1.20
9781452159492,1.20
9781452162553,1.20
9781452164021,1.20
9781452167275,1.20
9781452168388,1.20
9781452169903,1.20
9781452179797,1.20
9781452181943,1.20
9781616895723,1.20
9781616899868,1.20
9781648961182,1.20
9781797203638,1.20
9781797204321,1.20
9781797210285,1.20
9781797214986,1.20
9781797215051,1.20
9781797224480,1.20
9781797227436,1.20
9781797229072,1.20
9781797230191,1.20
5055923765852,1.19
9780811825184,1.19
9780811852067,1.19
9780811855204,1.19
9780811862585,1.19
9780811869669,1.19
9780811877343,1.19
9781452107004,1.19
9781452108568,1.19
9781452114484,1.19
9781452128818,1.19
9781452129303,1.19
9781452137742,1.19
9781452140285,1.19
9781452141725,1.19
9781452144139,1.19
9781452152424,1.19
9781452154671,1.19
9781452156972,1.19
9781452159560,1.19
9781452159829,1.19
9781452165981,1.19
9781452166247,1.19
9781452167121,1.19
9781452167831,1.19
9781452174884,1.19
9781452177205,1.19
9781452180892,1.19
9781797204420,1.19
9781797205892,1.19
9781797209357,1.19
9781797212166,1.19
9781797213996,1.19
9781797219523,1.19
9781797222295,1.19
9781797225432,1.19
810073341401,1.18
5055923747094,1.18
9780811862394,1.18
9780811879088,1.18
9781452108612,1.18
9781452128931,1.18
9781452129327,1.18
9781452140094,1.18
9781452152141,1.18
9781452155593,1.18
9781452163420,1.18
9781452178202,1.18
9781452180199,1.18
9781452180472,1.18
9781452183060,1.18
9781568989792,1.18
9781616899974,1.18
9781797204260,1.18
9781797204307,1.18
9781797208008,1.18
9781797208121,1.18
9781797210834,1.18
9781797212814,1.18
9781797215693,1.18
9781797216072,1.18
9781797217109,1.18
9781797224466,1.18
9781797227498,1.18
9781797228990,1.18
9781797229003,1.18
810073340732,1.17
5055923747100,1.17
5055923757949,1.17
5055923779040,1.17
9780811856836,1.17
9780811861168,1.17
9780811868846,1.17
9780877017592,1.17
9781452122083,1.17
9781452125329,1.17
9781452125374,1.17
9781452137810,1.17
9781452139869,1.17
9781452139968,1.17
9781452143026,1.17
9781452149028,1.17
9781452149219,1.17
9781452150611,1.17
9781452151502,1.17
9781452155289,1.17
9781452164762,1.17
9781452168753,1.17
9781452168821,1.17
9781452168838,1.17
9781452168845,1.17
9781452169347,1.17
9781452170114,1.17
9781452172804,1.17
9781452181967,1.17
9781797202587,1.17
9781797211343,1.17
9781797223308,1.17
9781797227337,1.17
9781452116624,1.16
9781452117003,1.16
9781452133195,1.16
9781452138190,1.16
9781452175546,1.16
9781452177618,1.16
9781452178219,1.16
9781452180557,1.16
9781452182995,1.16
9781452183947,1.16
9781452184791,1.16
9781797201054,1.16
9781797202655,1.16
9781797209906,1.16
9781797213842,1.16
9781797216058,1.16
9781797218595,1.16
9781797228280,1.16
9781797228440,1.16
9781797228914,1.16
9781797228976,1.16
758524449255,1.15
810073342972,1.15
5055923702338,1.15
9780811834957,1.15
9780811839570,1.15
9780811851046,1.15
9780811858885,1.15
9780811859318,1.15
9781452114569,1.15
9781452121437,1.15
9781452125992,1.15
9781452127521,1.15
9781452138510,1.15
9781452158716,1.15
9781452163918,1.15
9781452179933,1.15
9781452179940,1.15
9781452184364,1.15
9781616895662,1.15
9781616899080,1.15
9781648961649,1.15
9781797204413,1.15
9781797207322,1.15
9781797207940,1.15
9781797209661,1.15
9781797209890,1.15
9781797210087,1.15
9781797210094,1.15
9781797211756,1.15
9781797214405,1.15
9781797219493,1.15
810073340435,1.14
5055923776261,1.14
9780811854191,1.14
9780811865432,1.14
9780811879354,1.14
9781452106441,1.14
9781452118642,1.14
9781452138367,1.14
9781452149073,1.14
9781452149578,1.14
9781452153827,1.14
9781452158693,1.14
9781452170077,1.14
9781452174563,1.14
9781452177144,1.14
9781452180748,1.14
9781452181035,1.14
9781616897956,1.14
9781797208305,1.14
9781797210896,1.14
9781797222424,1.14
5055923776070,1.13
5055923776100,1.13
5055923779033,1.13
9780811863438,1.13
9780811879033,1.13
9781452109626,1.13
9781452131597,1.13
9781452132686,1.13
9781452149639,1.13
9781452153131,1.13
9781452153810,1.13
9781452155197,1.13
9781452155418,1.13
9781452159430,1.13
9781452159478,1.13
9781452172170,1.13
9781452172217,1.13
9781452173139,1.13
9781452176604,1.13
9781452183893,1.13
9781452183930,1.13
9781616895693,1.13
9781616896027,1.13
9781648961304,1.13
9781797205946,1.13
9781797206905,1.13
9781797209401,1.13
9781797210216,1.13
5055923711279,1.12
9780811863292,1.12
9781452101651,1.12
9781452104881,1.12
9781452128894,1.12
9781452137292,1.12
9781452139159,1.12
9781452141787,1.12
9781452142586,1.12
9781452144344,1.12
9781452145662,1.12
9781452149202,1.12
9781452152899,1.12
9781452158723,1.12
9781452159454,1.12
9781452161136,1.12
9781452161662,1.12
9781452171937,1.12
9781452173801,1.12
9781452178875,1.12
9781587170041,1.12
9781616894696,1.12
9781616897888,1.12
9781797200132,1.12
9781797202983,1.12
9781797203416,1.12
9781797211824,1.12
9781797212142,1.12
9781797213910,1.12
9781797217475,1.12
5055923752005,1.11
9780811869256,1.11
9781452121420,1.11
9781452138107,1.11
9781452142821,1.11
9781452144252,1.11
9781452144986,1.11
9781452146621,1.11
9781452156491,1.11
9781452162713,1.11
9781452171227,1.11
9781452176819,1.11
9781452178899,1.11
9781452180694,1.11
9781648961236,1.11
9781797214214,1.11
9781797224916,1.11
810073340725,1.10
810073341975,1.10
810073341982,1.10
810073343047,1.10
9780811865425,1.10
9780811868778,1.10
9781452115252,1.10
9781452123363,1.10
9781452125503,1.10
9781452125947,1.10
9781452127132,1.10
9781452128993,1.10
9781452142678,1.10
9781452150673,1.10
9781452151236,1.10
9781452154879,1.10
9781452163604,1.10
9781452164519,1.10
9781452166209,1.10
9781452166261,1.10
9781452171296,1.10
9781452171463,1.10
9781452174617,1.10
9781452174914,1.10
9781452176567,1.10
9781452177717,1.10
9781452177922,1.10
9781452178103,1.10
9781452182124,1.10
9781452182797,1.10
9781648961816,1.10
9781797200576,1.10
9781797202907,1.10
9781797215006,1.10
9781797219486,1.10
9781797227825,1.10
9780811879057,1.09
9781452112671,1.09
9781452134291,1.09
9781452135427,1.09
9781452141817,1.09
9781452141985,1.09
9781452142104,1.09
9781452149837,1.09
9781452150659,1.09
9781452151892,1.09
9781452161006,1.09
9781452168869,1.09
9781452171890,1.09
9781452183381,1.09
9781616895716,1.09
9781797200774,1.09
9781797201924,1.09
9781797203256,1.09
9781797210698,1.09
9781797223698,1.09
9781797227290,1.09
810073340756,1.08
9780811824996,1.08
9781452102009,1.08
9781452108582,1.08
9781452127002,1.08
9781452129334,1.08
9781452136004,1.08
9781452142708,1.08
9781452148427,1.08
9781452149004,1.08
9781452152042,1.08
9781452161082,1.08
9781452162829,1.08
9781452164311,1.08
9781452166254,1.08
9781452174761,1.08
9781452180236,1.08
9781452182339,1.08
9781452183954,1.08
9781616899943,1.08
9781648961557,1.08
9781648961694,1.08
9781648962189,1.08
9781797201542,1.08
9781797204727,1.08
9781797214566,1.08
9781797214580,1.08
9781797214917,1.08
9781797216805,1.08
9781797224121,1.08
9781797224459,1.08
9781797227696,1.08
9781797227702,1.08
9781797227719,1.08
9781797227726,1.08
9781797228709,1.08
9780811802987,1.07
9780811862660,1.07
9780811879231,1.07
9781452103099,1.07
9781452128856,1.07
9781452132952,1.07
9781452135007,1.07
9781452140032,1.07
9781452141879,1.07
9781452141886,1.07
9781452145754,1.07
9781452147338,1.07
9781452152028,1.07
9781452153650,1.07
9781452155999,1.07
9781452156668,1.07
9781452158761,1.07
9781452163161,1.07
9781452168630,1.07
9781452176581,1.07
9781452176598,1.07
9781452183855,1.07
9781797203768,1.07
9781797204314,1.07
9781797215570,1.07
9781797221922,1.07
9780811823319,1.06
9780811879422,1.06
9781452108629,1.06
9781452114477,1.06
9781452125398,1.06
9781452131696,1.06
9781452134406,1.06
9781452140223,1.06
9781452145747,1.06
9781452149967,1.06
9781452149974,1.06
9781452152349,1.06
9781452155883,1.06
9781452156385,1.06
9781452159485,1.06
9781452163376,1.06
9781452169330,1.06
9781452171234,1.06
9781452177519,1.06
9781452178752,1.06
9781452183343,1.06
9781452183398,1.06
9781797200118,1.06
9781797212548,1.06
9781797215495,1.06
9781797220147,1.06
9780811866903,1.05
9781452118703,1.05
9781452129051,1.05
9781452138473,1.05
9781452142555,1.05
9781452144764,1.05
9781452147451,1.05
9781452152479,1.05
9781452155043,1.05
9781452155326,1.05
9781452158419,1.05
9781452161587,1.05
9781452169767,1.05
9781452171258,1.05
9781452182728,1.05
9781648960390,1.05
9781797202167,1.05
9781797203690,1.05
9781797209753,1.05
9781797210827,1.05
9781797215891,1.05
9781797218724,1.05
9781797221700,1.05
9781797221915,1.05
9781797233383,1.05
9780811876117,1.04
9781452125787,1.04
9781452135229,1.04
9781452138091,1.04
9781452139111,1.04
9781452144245,1.04
9781452148571,1.04
9781452149486,1.04
9781452153742,1.04
9781452166865,1.04
9781452170909,1.04
9781452171302,1.04
9781452183091,1.04
9781452184814,1.04
9781648961830,1.04
9781797215624,1.04
9781797229195,1.04
9780811831314,1.03
9780811862653,1.03
9781452106427,1.03
9781452112336,1.03
9781452123356,1.03
9781452123660,1.03
9781452131689,1.03
9781452145440,1.03
9781452147345,1.03
9781452153858,1.03
9781452156651,1.03
9781452162751,1.03
9781452162768,1.03
9781452169460,1.03
9781452176406,1.03
9781452179575,1.03
9781452181806,1.03
9781452182674,1.03
9781452182810,1.03
9781452183596,1.03
9781648961120,1.03
9781648961809,1.03
9781797202136,1.03
9781797207087,1.03
9781797212760,1.03
9781797216065,1.03
9781797229010,1.03
810073340503,1.02
9780811818070,1.02
9780811856287,1.02
9780811868648,1.02
9780811877558,1.02
9781452114163,1.02
9781452133553,1.02
9781452135441,1.02
9781452138916,1.02
9781452148403,1.02
9781452159232,1.02
9781452166469,1.02
9781452166483,1.02
9781452166490,1.02
9781452171692,1.02
9781452179490,1.02
9781452182315,1.02
9781452182575,1.02
9781452183909,1.02
9781452183916,1.02
9781616894610,1.02
9781797202051,1.02
9781797203478,1.02
9781797205939,1.02
9781797207933,1.02
9781797210209,1.02
9781797216294,1.02
9781797221625,1.02
9781797222516,1.02
9780811864640,1.01
9781452108834,1.01
9781452125510,1.01
9781452128344,1.01
9781452128771,1.01
9781452131528,1.01
9781452137803,1.01
9781452139852,1.01
9781452140506,1.01
9781452141794,1.01
9781452144948,1.01
9781452144962,1.01
9781452144979,1.01
9781452152325,1.01
9781452153476,1.01
9781452160665,1.01
9781452163345,1.01
9781452164267,1.01
9781452171722,1.01
9781452174921,1.01
9781452174990,1.01
9781452175867,1.01
9781452177595,1.01
9781452177960,1.01
9781452179742,1.01
9781452179827,1.01
9781797205328,1.01
9781797207292,1.01
9781797213651,1.01
9781797216591,1.01
9780811836036,1.00
9780811875721,1.00
9781452101972,1.00
9781452107400,1.00
9781452119373,1.00
9781452125824,1.00
9781452128801,1.00
9781452129181,1.00
9781452129204,1.00
9781452144108,1.00
9781452153469,1.00
9781452155050,1.00
9781452160979,1.00
9781452167909,1.00
9781452171487,1.00
9781452183589,1.00
9781452183619,1.00
9781616899745,1.00
9781797211459,1.00
9781797222509,1.00
9781797227542,1.00
9781797228600,1.00
9780811866927,0.99
9781452112411,0.99
9781452116730,0.99
9781452123073,0.99
9781452124544,0.99
9781452129013,0.99
9781452129365,0.99
9781452138480,0.99
9781452145853,0.99
9781452152165,0.99
9781452152332,0.99
9781452158891,0.99
9781452161464,0.99
9781452162775,0.99
9781452164717,0.99
9781452169132,0.99
9781452177151,0.99
9781452180267,0.99
9781452184883,0.99
9781797205311,0.99
9781797212159,0.99
9781797222271,0.99
9781797230726,0.99
9781797231334,0.99
9781452118369,0.98
9781452118932,0.98
9781452123387,0.98
9781452127101,0.98
9781452150307,0.98
9781452151403,0.98
9781452153230,0.98
9781452153841,0.98
9781452161396,0.98
9781452169897,0.98
9781452169958,0.98
9781452171470,0.98
9781452179957,0.98
9781452183305,0.98
9781452183923,0.98
9781452184609,0.98
9781452184708,0.98
9781616896645,0.98
9781616896690,0.98
9781648961854,0.98
9781797201856,0.98
9781797212531,0.98
9781797219981,0.98
9781797223452,0.98
810073340473,0.97
9780811813426,0.97
9780811829885,0.97
9780811846295,0.97
9781452106168,0.97
9781452125343,0.97
9781452125978,0.97
9781452129075,0.97
9781452137346,0.97
9781452138046,0.97
9781452142173,0.97
9781452152882,0.97
9781452155920,0.97
9781452157658,0.97
9781452158969,0.97
9781452173207,0.97
9781452183404,0.97
9781797211237,0.97
9781797214139,0.97
9781797219752,0.97
9781797226552,0.97
5055923752029,0.96
9780811820127,0.96
9780811827782,0.96
9780811867849,0.96
9780811870337,0.96
9780811875608,0.96
9780811877824,0.96
9781452101101,0.96
9781452110837,0.96
9781452112657,0.96
9781452129389,0.96
9781452137766,0.96
9781452144160,0.96
9781452145679,0.96
9781452146003,0.96
9781452149158,0.96
9781452155937,0.96
9781452163369,0.96
9781452171784,0.96
9781452171906,0.96
9781452173153,0.96
9781452173191,0.96
9781452178868,0.96
9781452181561,0.96
9781452181677,0.96
9781797202778,0.96
9781797205335,0.96
9781797216560,0.96
9781797220314,0.96
9781797224374,0.96
9780811855518,0.95
9780811856256,0.95
9780811864152,0.95
9780811878692,0.95
9781452106557,0.95
9781452109206,0.95
9781452111094,0.95
9781452111254,0.95
9781452113227,0.95
9781452124674,0.95
9781452125336,0.95
9781452127767,0.95
9781452127941,0.95
9781452128221,0.95
9781452128542,0.95
9781452149141,0.95
9781452150130,0.95
9781452153247,0.95
9781452153995,0.95
9781452154435,0.95
9781452155272,0.95
9781452168258,0.95
9781452171586,0.95
9781452174952,0.95
9781452181066,0.95
9781648961090,0.95
9781797205304,0.95
9781797213927,0.95
9781797222653,0.95
9781797228204,0.95
9781797229430,0.95
810073340800,0.94
9780811862387,0.94
9780811866019,0.94
9781452113395,0.94
9781452133225,0.94
9781452155821,0.94
9781452155944,0.94
9781452159249,0.94
9781452176680,0.94
9781797200163,0.94
9781797202037,0.94
9781797202129,0.94
9781797204291,0.94
9781797230108,0.94
810073340794,0.93
9781452108445,0.93
9781452119366,0.93
9781452129297,0.93
9781452131825,0.93
9781452139272,0.93
9781452143040,0.93
9781452144047,0.93
9781452145426,0.93
9781452163512,0.93
9781452165059,0.93
9781452174556,0.93
9781452184371,0.93
9781452184647,0.93
9781616899905,0.93
9781797201283,0.93
9781797202686,0.93
9781797202693,0.93
9781797202761,0.93
9781797202969,0.93
9781797212326,0.93
9781797212340,0.93
9781797218717,0.93
9781797228266,0.93
9781452114507,0.92
9781452118949,0.92
9781452123318,0.92
9781452125008,0.92
9781452134307,0.92
9781452145891,0.92
9781452149080,0.92
9781452149196,0.92
9781452151922,0.92
9781452152905,0.92
9781452159577,0.92
9781452161211,0.92
9781452162133,0.92
9781452162140,0.92
9781616898366,0.92
9781797205106,0.92
9781797211664,0.92
9781797211749,0.92
9781797212494,0.92
9781797213736,0.92
9781797226668,0.92
810073340787,0.91
5055923770665,0.91
5055923770672,0.91
5055923770689,0.91
5055923772805,0.91
9780811837613,0.91
9781452102108,0.91
9781452107523,0.91
9781452145792,0.91
9781452170343,0.91
9781452174587,0.91
9781452174624,0.91
9781616898403,0.91
9781797204710,0.91
9781797216928,0.91
9780811846585,0.90
9781452101743,0.90
9781452101873,0.90
9781452119014,0.90
9781452128795,0.90
9781452135359,0.90
9781452141770,0.90
9781452147277,0.90
9781452158389,0.90
9781452161549,0.90
9781452169408,0.90
9781452170336,0.90
9781452180458,0.90
9781452184616,0.90
9781797201849,0.90
9781797210872,0.90
9781797212128,0.90
9781797213934,0.90
9781797217925,0.90
9781797225579,0.90
9781797228846,0.90
5055923757963,0.89
9780811810968,0.89
9780811840477,0.89
9781452102245,0.89
9781452111162,0.89
9781452127170,0.89
9781452144474,0.89
9781452151342,0.89
9781452170923,0.89
9781452174426,0.89
9781452178059,0.89
9781452180700,0.89
9781616898984,0.89
9781616899042,0.89
9781648960505,0.89
9781797202259,0.89
9781797205717,0.89
9781797207100,0.89
9781797215716,0.89
9781797228747,0.89
9781797229447,0.89
9780811842303,0.88
9780811863711,0.88
9781452118345,0.88
9781452142838,0.88
9781452149745,0.88
9781452154305,0.88
9781452161556,0.88
9781452165950,0.88
9781452174594,0.88
9781452180441,0.88
9781452183411,0.88
9781648960277,0.88
9781797212258,0.88
9781797212517,0.88
9781797214375,0.88
9781797215037,0.88
9780811846615,0.87
9780811869973,0.87
9781452106977,0.87
9781452109718,0.87
9781452125930,0.87
9781452127026,0.87
9781452132945,0.87
9781452144016,0.87
9781452145716,0.87
9781452145778,0.87
9781452145785,0.87
9781452148380,0.87
9781452148397,0.87
9781452158396,0.87
9781452165202,0.87
9781452166148,0.87
9781452173955,0.87
9781568989419,0.87
9781797202266,0.87
9781797207278,0.87
9781797210100,0.87
9781797211183,0.87
9781797212272,0.87
9781797213668,0.87
9781797215587,0.87
9781797220031,0.87
9781797226729,0.87
9780811834148,0.86
9780811867795,0.86
9780811868426,0.86
9780811875448,0.86
9781452103068,0.86
9781452106434,0.86
9781452110745,0.86
9781452128764,0.86
9781452132983,0.86
9781452156484,0.86
9781452171739,0.86
9781797203973,0.86
9781797207735,0.86
9781797214443,0.86
5055923779187,0.85
9780811851664,0.85
9781452128863,0.85
9781452131535,0.85
9781452135212,0.85
9781452138701,0.85
9781797203836,0.85
9781797207186,0.85
9781797217727,0.85
810073340909,0.84
9780811854528,0.84
9780811862165,0.84
9780811874953,0.84
9781452113944,0.84
9781452117331,0.84
9781452119038,0.84
9781452128306,0.84
9781452132907,0.84
9781452152134,0.84
9781452154725,0.84
9781452170329,0.84
9781616899554,0.84
9781797211121,0.84
9781797211886,0.84
9781797215594,0.84
9781797218243,0.84
9781797219905,0.84
9781797225012,0.84
810073342682,0.83
9780811865821,0.83
9781452106267,0.83
9781452124070,0.83
9781452129198,0.83
9781452131306,0.83
9781452137483,0.83
9781452138749,0.83
9781452166452,0.83
9781452170282,0.83
9781452171524,0.83
9781452174976,0.83
9781648961663,0.83
9781797218557,0.83
9781797227757,0.83
9781797229348,0.83
9780811856751,0.82
9780811860154,0.82
9780811863742,0.82
9781452108346,0.82
9781452110974,0.82
9781452149752,0.82
9781452159188,0.82
9781452165486,0.82
9781452167480,0.82
9781452173344,0.82
9781797202273,0.82
9781797204123,0.82
9781797219950,0.82
9781797221366,0.82
9781797224831,0.82
9781797225210,0.82
810073343030,0.81
9780811864671,0.81
9780811866293,0.81
9780811871228,0.81
9780811878784,0.81
9781452102511,0.81
9781452106199,0.81
9781452106205,0.81
9781452112480,0.81
9781452132594,0.81
9781452138923,0.81
9781452159805,0.81
9781452170138,0.81
9781452174037,0.81
9781452174945,0.81
9781452184548,0.81
9781648960147,0.81
9781797202341,0.81
9781797219929,0.81
9781797229850,0.81
810073340886,0.80
810073340916,0.80
810073342699,0.80
9780811836357,0.80
9781452111902,0.80
9781452129211,0.80
9781452136462,0.80
9781452145730,0.80
9781452147376,0.80
9781452147383,0.80
9781452155104,0.80
9781452161341,0.80
9781452163017,0.80
9781452165356,0.80
9781452171371,0.80
9781452174938,0.80
9781452184685,0.80
9781452187853,0.80
9781587171550,0.80
9781797207179,0.80
9781797215686,0.80
9781797216614,0.80
9781797217185,0.80
9781797217499,0.80
9781797220970,0.80
9781797228495,0.80
9780811820585,0.79
9780811821322,0.79
9780811863728,0.79
9781452119021,0.79
9781452134314,0.79
9781452134437,0.79
9781452137575,0.79
9781452143057,0.79
9781452144863,0.79
9781452147390,0.79
9781452164304,0.79
9781452167893,0.79
9781452180274,0.79
9781452184906,0.79
9781797202334,0.79
9781797215877,0.79
9781797216652,0.79
9781797217420,0.79
9781797227573,0.79
9780811818025,0.78
9780811839242,0.78
9781452105024,0.78
9781452108353,0.78
9781452109091,0.78
9781452123066,0.78
9781452126494,0.78
9781452132914,0.78
9781452148298,0.78
9781452156460,0.78
9781452183428,0.78
9781797202310,0.78
9781797202648,0.78
9781797213231,0.78
9781797215600,0.78
9781797218441,0.78
9781797219424,0.78
9781797221793,0.78
810073340893,0.77
9780811850629,0.77
9780811857123,0.77
9780811863391,0.77
9781452117348,0.77
9781452134239,0.77
9781452140100,0.77
9781452140117,0.77
9781452147291,0.77
9781452152110,0.77
9781452153889,0.77
9781452159973,0.77
9781452163901,0.77
9781452167916,0.77
9781452171593,0.77
9781452181936,0.77
9781797202297,0.77
9781797202389,0.77
9781797211411,0.77
9781797211831,0.77
9781797219875,0.77
9781797221342,0.77
9781797228648,0.77
9780811850643,0.76
9781452102030,0.76
9781452107554,0.76
9781452127040,0.76
9781452132693,0.76
9781452142593,0.76
9781452152172,0.76
9781452170879,0.76
9781797202891,0.76
9781797207957,0.76
9781797210575,0.76
9781797210735,0.76
9781797212906,0.76
9781797216515,0.76
9781797216539,0.76
9781797216638,0.76
9781797217017,0.76
9781797217086,0.76
9781797222059,0.76
9781797222066,0.76
5055923781739,0.75
9781452103310,0.75
9781452108858,0.75
9781452109190,0.75
9781452111827,0.75
9781452135458,0.75
9781452138558,0.75
9781452139975,0.75
9781452149684,0.75
9781452151373,0.75
9781452156446,0.75
9781452170947,0.75
9781648960093,0.75
9781797217536,0.75
9781797233079,0.75
9780811825627,0.74
9780811862882,0.74
9780811874434,0.74
9781452111735,0.74
9781452112428,0.74
9781452116761,0.74
9781452126579,0.74
9781452131504,0.74
9781452142654,0.74
9781452142715,0.74
9781452152462,0.74
9781452152509,0.74
9781452152530,0.74
9781452152547,0.74
9781452182216,0.74
9781797207193,0.74
9781797207209,0.74
9781797218700,0.74
9781797221854,0.74
9780811831437,0.73
9781452110585,0.73
9781452131467,0.73
9781452135137,0.73
9781452141169,0.73
9781452141176,0.73
9781452142661,0.73
9781452146294,0.73
9781452155111,0.73
9781452155845,0.73
9781452167626,0.73
9781452172781,0.73
9781452177571,0.73
9781797210674,0.73
9781797219707,0.73
9780811810548,0.72
9780811859677,0.72
9780811868655,0.72
9781452142449,0.72
9781452143330,0.72
9781452144832,0.72
9781452157665,0.72
9781452176413,0.72
9781797211855,0.72
9781797216522,0.72
9781797227450,0.72
9780811844529,0.71
9780811846165,0.71
9781452111483,0.71
9781452128535,0.71
9781452145709,0.71
9781452148373,0.71
9781452154749,0.71
9781452156477,0.71
9781452164366,0.71
9781452170657,0.71
9781452170664,0.71
9781452171685,0.71
9781452172644,0.71
9781616899370,0.71
9781797202839,0.71
9781797203317,0.71
9780811839280,0.70
9780811847865,0.70
9780811847964,0.70
9780811855044,0.70
9781452126999,0.70
9781452147284,0.70
9781452151366,0.70
9781452174969,0.70
9781452177533,0.70
9781452179506,0.70
9781797202303,0.70
9781797207216,0.70
9781797207223,0.70
9781797218939,0.70
9781797222172,0.70
9780811857208,0.69
9781452153919,0.69
9781452173627,0.69
9781452177588,0.69
9781587170942,0.69
9781616897635,0.69
9781797206837,0.69
9781797215709,0.69
9781797230894,0.69
9780811825559,0.68
9780811830904,0.68
9780811835701,0.68
9780811838016,0.68
9780811876766,0.68
9781452107813,0.68
9781452114583,0.68
9781452163000,0.68
9781587171420,0.68
9781797202327,0.68
9781797215020,0.68
9781797218694,0.68
9781797219967,0.68
9781797221557,0.68
9780811822909,0.67
9780811826020,0.67
9780811855051,0.67
9781452122335,0.67
9781452135052,0.67
9781452142906,0.67
9781452152097,0.67
9781452158228,0.67
9781452180434,0.67
9781797211435,0.67
9781797212753,0.67
9781797215723,0.67
9781797233178,0.67
5055923776254,0.66
5055923779200,0.66
9780811847575,0.66
9780811864831,0.66
9781452108360,0.66
9781452126395,0.66
9781452128757,0.66
9781452145327,0.66
9781452150284,0.66
9781452159782,0.66
9781452177267,0.66
9781616899660,0.66
9781797204581,0.66
9781797213224,0.66
9781797218748,0.66
9781797221328,0.66
9781797222561,0.66
9781797228839,0.66
5055923779194,0.65
9780811852258,0.65
9781452102368,0.65
9781452108407,0.65
9781452128719,0.65
9781452133966,0.65
9781452137339,0.65
9781452180779,0.65
9781797205465,0.65
9781797208367,0.65
9781797214399,0.65
9781797217512,0.65
9781797224411,0.65
9781797224930,0.65
9781797224978,0.65
5055923778951,0.64
9780811849111,0.64
9780811878074,0.64
9780811878319,0.64
9781452111759,0.64
9781452112343,0.64
9781452123325,0.64
9781452141862,0.64
9781452142890,0.64
9781452151571,0.64
9781452153193,0.64
9781452168968,0.64
9781452172620,0.64
9781452174501,0.64
9781452182742,0.64
9781797202044,0.64
9781797202280,0.64
9781797208848,0.64
9781797213897,0.64
9781797216300,0.64
9781797226682,0.64
9781797228815,0.64
9781797230689,0.64
9780811821315,0.63
9780811847582,0.63
9780811868570,0.63
9781452152073,0.63
9781452153186,0.63
9781797228693,0.63
9781797229935,0.63
9780811876667,0.62
9781452144030,0.62
9781452145563,0.62
9781452153872,0.62
9781452153902,0.62
9781452161365,0.62
9781797208336,0.62
9781797211206,0.62
9781797211428,0.62
9781797214511,0.62
9780811814928,0.61
9780811840460,0.61
9781452106960,0.61
9781452112466,0.61
9781452131481,0.61
9781452136530,0.61
9781452161358,0.61
9781452182254,0.61
9781452183008,0.61
9781797202877,0.61
9781797208374,0.61
9781797218922,0.61
9781797220154,0.61
9781797221595,0.61
9781797221755,0.61
9781797221960,0.61
9781797222158,0.61
9781797222226,0.61
9781797222820,0.61
9781797229607,0.61
9781797229973,0.61
9781797230009,0.61
9780811846745,0.60
9781452117218,0.60
9781452119878,0.60
9781452136011,0.60
9781452136424,0.60
9781452144740,0.60
9781797223445,0.60
9781797229959,0.60
9780811834155,0.59
9780811864480,0.59
9780811864817,0.59
9780811865845,0.59
9781452107233,0.59
9781452121444,0.59
9781452138442,0.59
9781452141251,0.59
9781452169101,0.59
9781587171383,0.59
9781587172397,0.59
9781616899448,0.59
9781797202358,0.59
9781797209715,0.59
9781797214009,0.59
9781797228792,0.59
9781452110738,0.58
9781452112268,0.58
9781452137322,0.58
9781452162904,0.58
9781797214467,0.58
9780811862509,0.57
9781452109053,0.57
9781452141237,0.57
9781452172637,0.57
9781797205953,0.57
9781797208350,0.57
9781797211848,0.57
9781797211862,0.57
9781797213903,0.57
9781797229058,0.57
9781797230702,0.57
5055923753811,0.56
9780811818353,0.56
9780811839167,0.56
9780811849098,0.56
9780811870948,0.56
9781452152103,0.56
9781452181660,0.56
9781797211275,0.56
9780811865210,0.55
9781452184890,0.55
9780811868587,0.54
9781452102986,0.54
9781452110530,0.54
9781452135366,0.54
9781452141244,0.54
9781452151588,0.54
9781452153216,0.54
9780811816489,0.53
9780811857826,0.53
9781452117225,0.53
9781452141213,0.53
9781452162898,0.53
9781797211442,0.53
9781452145556,0.52
9781452145693,0.52
9781452153162,0.52
9781797232072,0.52
9780811839143,0.51
9780811865234,0.51
9781452131474,0.51
9781452180809,0.51
9781452118864,0.50
9781797202372,0.50
9781797215228,0.50
9781797215235,0.50
9780811874557,0.49
9780811812375,0.48
9781452110875,0.48
9781452153179,0.48
9781452184630,0.48
9781797200828,0.48
9781797213217,0.48
9780811860253,0.47
9781452136448,0.47
9781797202365,0.47
5055923778838,0.46
9780811839112,0.46
9780811875738,0.46
9781797210070,0.46
9780811850742,0.45
9780811866378,0.45
9781452112084,0.45
9781452156453,0.45
9781452169743,0.45
9781797226231,0.44
9781452131498,0.43
9781452145686,0.42
9781452153209,0.42
9781452164359,0.42
9781452169552,0.41
5055923776247,0.40
9781452161372,0.40
9781452169736,0.39
9781797215754,0.36
810073341784,0.34
9781452169729,0.34
9781797226224,0.34
9780811839617,0.30
9780811841511,0.26
810073340527,0.25
9781797230634,0.23
9781797230696,0.23
9780811821810,0.20
9780811865944,0.19
9780811867436,0.18
9780811852562,0.01
,
,
,
,
,
,
,
,
,
,
,
,
,
,
,
,
,
,
,
,
,
,
,
,
,
,
,
,
,
,
,
,
,
,
,
,
,
,
,
,
,
,
,
,
,
,
,
,
,
,
,
,
,
,
,
,
,
,
,
,
,
,
,
,
,
,
,
,
,
,
,
,
,
,
,
,
,
,
,
,
,
,
,
,
,
,
,
,
,
,
,
,
,
,
,
,
,
,
,
,
,
,
,
,
,
,
,
,
,
,
,
,
,
,
,
,
,
,
,
,
,
,
,
,
,
,
,
,
,
,
,
,
,
,
,
,
,
,
,
,
,
,
,
,
,
,
,
,
,
,
,
,
,
,
,
,
,
,
,
,
,
,
,
,
,
,
,
,
,
,
,
,
,
,
,
,
,
,
,
,
,
,
,
,
,
,
,
,
,
,
,
,
,
,
,
,
,
,
,
,
,
,
,
,
,
,
,
,
,
,
,
,
,
,
,
,
,
,
,
,
,
,
,
,
,
,
,
,
,
,
,
,
,
,
,
,
,
,
,
,
,
,
,
,
,
,
,
,
,
,
,
,
,
,
,
,
,
,
,
,
,
,
,
,
,
,
,
,
,
,
,
,
,
,
,
,
,
,
,
,
,
,
,
,
,
,
,
,
,
,
,
,
,
,
,
,
,
,
,
,
,
,
,
,
,
,
,
,
,
,
,
,
,
,
,
,
,
,
,
,
,
,
,
,
,
,
,
,
,
,
,
,
,
,
,
,
,
,
,
,
,
,
,
,
,
,
,
,
,
,
,
,
,
,
,
,
,
,
,
,
,
,
,
,
,
,
,
,
,
,
,
,
,
,
,
,
,
,
,
,
,
,
,
,
,
,
,
,
,
,
,
,
,
,
,
,
,
,
,
,
,
,
,
,
,
,
,
,
,
,
,
,
,
,
,
,
,
,
,
,
,
,
,
,
,
,
,
,
,
,
,
,
,
,
,
,
,
,
,
,
,
,
,
,
,
,
,
,
,
,
,
,
,
,
,
,
,
,
,
,
,
,
,
,
,
,
,
,
,
,
,
,
,
,
,
,
,
,
,
,
,
,
,
,
,
,
,
,
,
,
,
,
,
,
,
,
,
,
,
,
,
,
,
,
,
,
,
,
,
,
,
,
,
,
,
,
,
,
,
,
,
,
,
,
,
,
,
,
,
,
,
,
,
,
,
,
,
,
,
,
,
,
,
,
,
,
,
,
,
,
,
,
,
,
,
,
,
,
,
,
,
,
,
,
,
,
,
,
,
,
,
,
,
,
,
,
,
,
,
,
,
,
,
,
,
,
,
,
,
,
,
,
,
,
,
,
,
,
,
,
,
,
,
,
,
,
,
,
,
,
,
,
,
,
,
,
,
,
,
,
,
,
,
,
,
,
,
,
,
,
,
,
,
,
,
,
,
,
,
,
,
,
,
,
,
,
,
,
,
,
,
,
,
,
,
,
,
,
,
,
,
,
,
,
,
,
,
,
,
,
,
,
,
,
,
,
,
,
,
,
,
,
,
,
,
,
,
,
,
,
,
,
,
,
,
,
,
,
,
,
,
,
,
,
,
,
,
,
,
,
,
,
,
,
,
,
,
,
,
,
,
,
,
,
,
,
,
,
,
,
,
,
,
,
,
,
,
,
,
,
,
,
,
,
,
,
,
,
,
,
,
,
,
,
,
,
,
,
,
,
,
,
,
,
,
,
,
,
,
,
,
,
,
,
,
,
,
,
,
,
,
,
,
,
,
,
,
,
,
,
,
,
,
,
,
,
,
,
,
,
,
,
,
,
,
,
,
,
,
,
,
,
,
,
,
,
,
,
,
,
,
,
,
,
,
,
,
,
,
,
,
,
,
,
,
,
,
,
,
,
,
,
,
,
,
,
,
,
,
,
,
,
,
,
,
,
,
,
,
,
,
,
,
,
,
,
,
,
,
,
,
,
,
,
,
,
,
,
,
,
,
,
,
,
,
,
,
,
,
,
,
,
,
,
,
,
,
,
,
,
,
,
,
,
,
,
,
,
,
,
,
,
,
,
,
,
,
,
,
,
,
,
,
,
,
,
,
,
,
,
,
,
,
,
,
,
,
,
,
,
,
,
,
,
,
,
,
,
,
,
,
,
,
,
,
,
,
,
,
,
,
,
,
,
,
,
,
,
,
,
,
,
,
,
,
,
,
,
,
,
,
,
,
,
,
,
,
,
,
,
,
,
,
,
,
,
,
,
,
,
,
,
,
,
,
,
,
,
,
,
,
,
,
,
,
,
,
,
,
,
,
,
,
,
,
,
,
,
,
,
,
,
,
,
,
,
,
,
,
,
,
,
,
,
,
,
,
,
,
,
,
,
,
,
,
,
,
,
,
,
,
,
,
,
,
,
,
,
,
,
,
,
,
,
,
,
,
,
,
,
,
,
,
,
,
,
,
,
,
,
,
,
,
,
,
,
,
,
,
,
,
,
,
,
,
,
,
,
,
,
,
,
,
,
,
,
,
,
,
,
,
,
,
,
,
,
,
,
,
,
,
,
,
,
,
,
,
,
,
,
,
,
,
,
,
,
,
,
,
,
,
,
,
,
,
,
,
,
,
,
,
,
,
,
,
,
,
,
,
,
,
,
,
,
,
,
,
,
,
,
,
,
,
,
,
,
,
,
,
,
,
,
,
,
,
,
,
,
,
,
,
,
,
,
,
,
,
,
,
,
,
,
,
,
,
,
,
,
,
,
,
,
,
,
,
,
,
,
,
,
,
,
,
,
,
,
,
,
,
,
,
,
,
,
,
,
,
,
,
,
,
,
,
,
,
,
,
,
,
,
,
,
,
,
,
,
,
,
,
,
,
,
,
,
,
,
,
,
,
,
,
,
,
,
,
,
,
,
,
,
,
,
,
,
,
,
,
,
,
,
,
,
,
,
,
,
,
,
,
,
,
,
,
,
,
,
,
,
,
,
,
,
,
,
,
,
,
,
,
,
,
,
,
,
,
,
,
,
,
,
,
,
,
,
,
,
,
,
,
,
,
,
,
,
,
,
,
,
,
,
,
,
,
,
,
,
,
,
,
,
,
,
,
,
,
,
,
,
,
,
,
,
,
,
,
,
,
,
,
,
,
,
,
,
,
,
,
,
,
,
,
,
,
,
,
,
,
,
,
,
,
,
,
,
,
,
,
,
,
,
,
,
,
,
,
,
,
,
,
,
,
,
,
,
,
,
,
,
,
,
,
,
,
,
,
,
,
,
,
,
,
,
,
,
,
,
,
,
,
,
,
,
,
,
,
,
,
,
,
,
,
,
,
,
,
,
,
,
,
,
,
,
,
,
,
,
,
,
,
,
,
,
,
,
,
,
,
,
,
,
,
,
,
,
,
,
,
,
,
,
,
,
,
,
,
,
,
,
,
,
,
,
,
,
,
,
,
,
,
,
,
,
,
,
,
,
,
,
,
,
,
,
,
,
,
,
,
,
,
,
,
,
,
,
,
,
,
,
,
,
,
,
,
,
,
,
,
,
,
,
,
,
,
,
,
,
,
,
,
,
,
,
,
,
,
,
,
,
,
,
,
,
,
,
,
,
,
,
,
,
,
,
,
,
,
,
,
,
,
,
,
,
,
,
,
,
,
,
,
,
,
,
,
,
,
,
,
,
,
,
,
,
,
,
,
,
,
,
,
,
,
,
,
,
,
,
,
,
,
,
,
,
,
,
,
,
,
,
,
,
,
,
,
,
,
,
,
,
,
,
,
,
,
,
,
,
,
,
,
,
,
,
,
,
,
,
,
,
,
,
,
,
,
,
,
,
,
,
,
,
,
,
,
,
,
,
,
,
,
,
,
,
,
,
,
,
,
,
,
,
,
,
,
,
,
,
,
,
,
,
,
,
,
,
,
,
,
,
,
,
,
,
,
,
,
,
,
,
,
,
,
,
,
,
,
,
,
,
,
,
,
,
,
,
,
,
,
,
,
,
,
,
,
,
,
,
,
,
,
,
,
,
,
,
,
,
,
,
,
,
,
,
,
,
,
,
,
,
,
,
,
,
,
,
,
,
,
,
,
,
,
,
,
,
,
,
,
,
,
,
,
,
,
,
,
,
,
,
,
,
,
,
,
,
,
,
,
,
,
,
,
,
,
,
,
,
,
,
,
,
,
,
,
,
,
,
,
,
,
,
,
,
,
,
,
,
,
,
,
,
,
,
,
,
,
,
,
,
,
,
,
,
,
,
,
,
,
,
,
,
,
,
,
,
,
,
,
,
,
,
,
,
,
,
,
,
,
,
,
,
,
,
,
,
,
,
,
,
,
,
,
,
,
,
,
,
,
,
,
,
,
,
,
,
,
,
,
,
,
,
,
,
,
,
,
,
,
,
,
,
,
,
,
,
,
,
,
,
,
,
,
,
,
,
,
,
,
,
,
,
,
,
,
,
,
,
,
,
,
,
,
,
,
,
,
,
,
,
,
,
,
,
,
,
,
,
,
,
,
,
,
,
,
,
,
,
,
,
,
,
,
,
,
,
,
,
,
,
,
,
,
,
,
,
,
,
,
,
,
,
,
,
,
,
,
,
,
,
,
,
,
,
,
,
,
,
,
,
,
,
,
,
,
,
,
,
,
,
,
,
,
,
,
,
,
,
,
,
,
,
,
,
,
,
,
,
,
,
,
,
,
,
,
,
,
,
,
,
,
,
,
,
,
,
,
,
,
,
,
,
,
,
,
,
,
,
,
,
,
,
,
,
,
,
,
,
,
,
,
,
,
,
,
,
,
,
,
,
,
,
,
,
,
,
,
,
,
,
,
,
,
,
,
,
,
,
,
,
,
,
,
,
,
,
,
,
,
,
,
,
,
,
,
,
,
,
,
,
,
,
,
,
,
,
,
,
,
,
,
,
,
,
,
,
,
,
,
,
,
,
,
,
,
,
,
,
,
,
,
,
,
,
,
,
,
,
,
,
,
,
,
,
,
,
,
,
,
,
,
,
,
,
,
,
,
,
,
,
,
,
,
,
,
,
,
,
,
,
,
,
,
,
,
,
,
,
,
,
,
,
,
,
,
,
,
,
,
,
,
,
,
,
,
,
,
,
,
,
,
,
,
,
,
,
,
,
,
,
,
,
,
,
,
,
,
,
,
,
,
,
,
,
,
,
,
,
,
,
,
,
,
,
,
,
,
,
,
,
,
,
,
,
,
,
,
,
,
,
,
,
,
,
,
,
,
,
,
,
,
,
,
,
,
,
,
,
,
,
,
,
,
,
,
,
,
,
,
,
,
,
,
,
,
,
,
,
,
,
,
,
,
,
,
,
,
,
,
,
,
,
,
,
,
,
,
,
,
,
,
,
,
,
,
,
,
,
,
,
,
,
,
,
,
,
,
,
,
,
,
,
,
,
,
,
,
,
,
,
,
,
,
,
,
,
,
,
,
,
,
,
,
,
,
,
,
,
,
,
,
,
,
,
,
,
,
,
,
,
,
,
,
,
,
,
,
,
,
,
,
,
,
,
,
,
,
,
,
,
,
,
,
,
,
,
,
,
,
,
,
,
,
,
,
,
,
,
,
,
,
,
,
,
,
,
,
,
,
,
,
,
,
,
,
,
,
,
,
,
,
,
,
,
,
,
,
,
,
,
,
,
,
,
,
,
,
,
,
,
,
,
,
,
,
,
,
,
,
,
,
,
,
,
,
,
,
,
,
,
,
,
,
,
,
,
,
,
,
,
,
,
,
,
,
,
,
,
,
,
,
,
,
,
,
,
,
,
,
,
,
,
,
,
,
,
,
,
,
,
,
,
,
,
,
,
,
,
,
,
,
,
,
,
,
,
,
,
,
,
,
,
,
,
,
,
,
,
,
,
,
,
,
,
,
,
,
,
,
,
,
,
,
,
,
,
,
,
,
,
,
,
,
,
,
,
,
,
,
,
,
,
,
,
,
,
,
,
,
,
,
,
,
,
,
,
,
,
,
,
,
,
,
,
,
,
,
,
,
,
,
,
,
,
,
,
